sex_age_cat,case_fatality_copd,incidence_copd,remission_copd,case_fatality_dmt2.x,incidence_dmt2.x,remission_dmt2.x,case_fatality_dmt2.y,incidence_dmt2.y,remission_dmt2.y,case_fatality_ishd.x,incidence_ishd.x,remission_ishd.x,case_fatality_ishd.y,incidence_ishd.y,remission_ishd.y
female_0,0.048973353009764624,4.191635527477773e-5,0,0.04030173613678012,1.2834369107477102e-5,0,NA,NA,NA,0.03378372694489547,4.85863111006649e-5,0,NA,NA,NA
female_1,0.04256317161782762,4.8607192955436043e-5,0,0.03203224323711954,2.6546645171900472e-5,0,NA,NA,NA,0.031609612206404375,5.5091669033636425e-5,0,NA,NA,NA
female_2,0.03964487728084801,5.23660673571385e-5,0,0.028530389145216127,3.804611629178876e-5,0,NA,NA,NA,0.030564090303033073,5.865578306715341e-5,0,NA,NA,NA
female_3,0.03697852429964073,5.643121554954765e-5,0,0.025384674684527396,5.4187561706523276e-5,0,NA,NA,NA,0.029542943987483403,6.250219760704777e-5,0,NA,NA,NA
female_4,0.03444249048782383,6.0715831059571526e-5,0,0.02252286248010708,7.677145989526675e-5,0,NA,NA,NA,0.028556598979409903,6.65804401833709e-5,0,NA,NA,NA
female_5,0.032145988293625555,6.540063741261281e-5,0,0.020034238754710276,1.0766614671510566e-4,0,NA,NA,NA,0.02761721637794426,7.098856400431915e-5,0,NA,NA,NA
female_6,0.030029700421935757,7.037267544571739e-5,0,0.017864596181614595,1.4908527179911005e-4,0,NA,NA,NA,0.026691401489459088,7.565792930069602e-5,0,NA,NA,NA
female_7,0.028094309801213,7.57527259382183e-5,0,0.015902487163238728,2.0325708613268544e-4,0,NA,NA,NA,0.025755426746820832,8.056645679564413e-5,0,NA,NA,NA
female_8,0.026289649582028632,8.15381481955974e-5,0,0.014132686905613746,2.716107322192591e-4,0,NA,NA,NA,0.024884304901772826,8.593840201846187e-5,0,NA,NA,NA
female_9,0.024625334619408155,8.772501419802862e-5,0,0.01254778395865533,3.560875541047847e-4,0,NA,NA,NA,0.02402393214132025,9.161804644973347e-5,0,NA,NA,NA
female_10,0.023048657574089207,9.423080436049918e-5,0,0.011129585750173476,4.560708401414176e-4,0,NA,NA,NA,0.02319133312564315,9.767802621279044e-5,0,NA,NA,NA
female_11,0.02158580557899236,1.0123546224710747e-4,0,0.009890472981267585,5.714928424364681e-4,0,NA,NA,NA,0.022389082143236053,1.042372489831564e-4,0,NA,NA,NA
female_12,0.020233329386592513,1.0848668252892341e-4,0,0.008767039056491586,6.993216436038461e-4,0,NA,NA,NA,0.021629086863686194,1.1117980557201883e-4,0,NA,NA,NA
female_13,0.018981782045501487,1.1613439797216127e-4,0,0.007779180835750345,8.359754121212838e-4,0,NA,NA,NA,0.020891628524070564,1.1855092684156345e-4,0,NA,NA,NA
female_14,0.017760847975780966,1.2402568973994029e-4,0,0.006893044371255815,9.761663782212522e-4,0,NA,NA,NA,0.020216883986246888,1.2632594865830398e-4,0,NA,NA,NA
female_15,0.01663370991476662,1.3217362117620392e-4,0,0.006111805131452743,0.0011133511499995235,0,NA,NA,NA,0.019539010865564792,1.3452610205944354e-4,0,NA,NA,NA
female_16,0.015566997091119842,1.4041808700390767e-4,0,0.005422422799974198,0.0012454738841043223,0,NA,NA,NA,0.018925487094011602,1.4317690271503335e-4,0,NA,NA,NA
female_17,0.01455373009563598,1.4887345185670756e-4,0,0.004814940751764493,0.0013666838373379523,0,NA,NA,NA,0.018330515527186297,1.5237702488519087e-4,0,NA,NA,NA
female_18,0.013622762169311527,1.575652698037976e-4,0,0.0042858239568209,0.0014765897132740411,0,NA,NA,NA,0.017774947968107874,1.6194526490921805e-4,0,NA,NA,NA
female_19,0.012730060837924589,1.6633321835744165e-4,0,0.0038238190159861907,0.0015736550645028572,0,NA,NA,NA,0.017258407869767622,1.7187253966553402e-4,0,NA,NA,NA
female_20,0.011887567159795678,1.752420075032427e-4,0,0.0034235949927146686,0.0016581897711067722,0,NA,NA,NA,0.016784185716507263,1.8214564139770961e-4,0,NA,NA,NA
female_21,0.011103803107930542,1.8420981830865292e-4,0,0.003079495346771524,0.0017324674641846557,0,NA,NA,NA,0.016326737812390663,1.9282447998336254e-4,0,NA,NA,NA
female_22,0.010388524164392721,1.9332453104696102e-4,0,0.0027836976397310285,0.0018019708096292503,0,NA,NA,NA,0.015882261942235288,2.0387370270887024e-4,0,NA,NA,NA
female_23,0.009734676399864906,2.0264849477102394e-4,0,0.0025317498531580327,0.001865355327201662,0,NA,NA,NA,0.015450531391170778,2.1517880288025998e-4,0,NA,NA,NA
female_24,0.009133691149590836,2.122705201066364e-4,0,0.00231733927304482,0.0019271864513350793,0,NA,NA,NA,0.015046674280057864,2.2680264352509667e-4,0,NA,NA,NA
female_25,0.008587743971334914,2.222975703370063e-4,0,0.0021325346319769145,0.0019914843755676082,0,NA,NA,NA,0.014660515027471524,2.3882445531285345e-4,0,NA,NA,NA
female_26,0.00809783978279489,2.3284713836412395e-4,0,0.0019763398519068525,0.002060241970713559,0,NA,NA,NA,0.014271866947231,2.510087481199585e-4,0,NA,NA,NA
female_27,0.007657568665219567,2.4406968990911635e-4,0,0.0018450106803002912,0.0021364465055815117,0,NA,NA,NA,0.013904498927601983,2.635203516365702e-4,0,NA,NA,NA
female_28,0.007269166161028669,2.5643809091295273e-4,0,0.0017336448852931278,0.002219127303908894,0,NA,NA,NA,0.013533421032406644,2.7615488972566134e-4,0,NA,NA,NA
female_29,0.006917813736276791,2.698648132376429e-4,0,0.0016408874519129929,0.002311131647167725,0,NA,NA,NA,0.013175478868245563,2.891407696485618e-4,0,NA,NA,NA
female_30,0.0066068493158849065,2.8494736008809597e-4,0,0.0015640799190847928,0.002413346189415585,0,NA,NA,NA,0.012824530739554595,3.024351630347476e-4,0,NA,NA,NA
female_31,0.0063281889525841385,3.0184996126486326e-4,0,0.0015000509104535259,0.002528615284862018,0,NA,NA,NA,0.012489992283539234,3.162212628093744e-4,0,NA,NA,NA
female_32,0.0060815112158082935,3.208999017699196e-4,0,0.0014479761290877666,0.002653368344322576,0,NA,NA,NA,0.012181203792128524,3.3065432008561643e-4,0,NA,NA,NA
female_33,0.005861451159950487,3.426055631552332e-4,0,0.0014045684661331305,0.002785539358911045,0,NA,NA,NA,0.011883910192369417,3.458195102444032e-4,0,NA,NA,NA
female_34,0.005663871387675562,3.673707698399974e-4,0,0.0013693634972368287,0.002926684778431792,0,NA,NA,NA,0.011614536231637489,3.616905020420329e-4,0,NA,NA,NA
female_35,0.005477059920815924,3.9559850440777015e-4,0,0.0013397398664616732,0.0030742874829693383,0,NA,NA,NA,0.011370729501665615,3.786376606289228e-4,0,NA,NA,NA
female_36,0.005298553978104242,4.2809077525916297e-4,0,0.0013149946737026925,0.0032248709539788433,0,NA,NA,NA,0.011166511136792005,3.9673619701064653e-4,0,NA,NA,NA
female_37,0.005127167588296936,4.653767763614445e-4,0,0.0012940305612509093,0.0033778847584170725,0,NA,NA,NA,0.011002400181892871,4.1636915948796026e-4,0,NA,NA,NA
female_38,0.004963125602166267,5.08017383214396e-4,0,0.0012752239108559092,0.0035328313967238146,0,NA,NA,NA,0.010880888583953103,4.378743526431397e-4,0,NA,NA,NA
female_39,0.004795426681135683,5.572122558037151e-4,0,0.001258648202386475,0.0036853605026902483,0,NA,NA,NA,0.010810253262822605,4.617299610097845e-4,0,NA,NA,NA
female_40,0.00463038982692741,6.13034107397801e-4,0,0.0012434603991843202,0.0038332301494972904,0,NA,NA,NA,0.010792036578506206,4.883522343967228e-4,0,NA,NA,NA
female_41,0.004458457183113448,6.764804384171215e-4,0,0.0012287076694826133,0.003979269261983251,0,NA,NA,NA,0.010834714890885439,5.181968256473608e-4,0,NA,NA,NA
female_42,0.004286729093508356,7.47835843358863e-4,0,0.0012147929256155184,0.0041192482737954705,0,NA,NA,NA,0.010937495204643839,5.517295133820109e-4,0,NA,NA,NA
female_43,0.0041145072620933105,8.277921567527804e-4,0,0.0012013214305949971,0.004256062360233257,0,NA,NA,NA,0.011107120336120213,5.898480891366601e-4,0,NA,NA,NA
female_44,0.003945471901020781,9.177742642233173e-4,0,0.0011889877445160324,0.004389294393501393,0,NA,NA,NA,0.011347504720933741,6.323044728457521e-4,0,NA,NA,NA
female_45,0.003782594952550485,0.0010174866560898705,0,0.0011772518713458182,0.0045191265936241525,0,NA,NA,NA,0.011658888960405952,6.803320212333394e-4,0,NA,NA,NA
female_46,0.0036250326723074166,0.0011277776358389836,0,0.0011677326838042449,0.004646384021927935,0,NA,NA,NA,0.012044849044311178,7.341566534352845e-4,0,NA,NA,NA
female_47,0.0034772567655865227,0.001249147286935813,0,0.0011606562912974323,0.004772114738468317,0,NA,NA,NA,0.012510114860180015,7.950899549385788e-4,0,NA,NA,NA
female_48,0.0033413525069953855,0.0013815231839979347,0,0.0011570783147222309,0.004898163277810123,0,NA,NA,NA,0.013051620465247181,8.632170236963141e-4,0,NA,NA,NA
female_49,0.0032200764751016374,0.0015246881924780402,0,0.0011582118266952998,0.005025811479823881,0,NA,NA,NA,0.013669591052703212,9.395742031192565e-4,0,NA,NA,NA
female_50,0.003118187992992875,0.0016781772896121063,0,0.0011637705640721865,0.005157133050391593,0,NA,NA,NA,0.014355877486632402,0.0010244820284135276,0,NA,NA,NA
female_51,0.003036621747239494,0.001843573008088615,0,0.0011751599200136955,0.005290393193768571,0,NA,NA,NA,0.015116933867963433,0.0011189101201540472,0,NA,NA,NA
female_52,0.0029765316068192894,0.002020812164335231,0,0.0011933426273442508,0.005428274037950222,0,NA,NA,NA,0.0159505277549358,0.0012230327844456282,0,NA,NA,NA
female_53,0.0029373286477148647,0.0022091707609509445,0,0.0012189956902847817,0.005568117917676531,0,NA,NA,NA,0.016844908571522505,0.0013371002316602282,0,NA,NA,NA
female_54,0.0029242199929995424,0.0024090918528897557,0,0.0012528211837205543,0.005707174661388504,0,NA,NA,NA,0.017801120004399235,0.001461939760447873,0,NA,NA,NA
female_55,0.0029372748001761442,0.002622003579296527,0,0.001295998181161003,0.005843740029715883,0,NA,NA,NA,0.018813542161597814,0.00159781652305332,0,NA,NA,NA
female_56,0.0029759485964273233,0.00284653253290625,0,0.0013487209438463382,0.005972709307932707,0,NA,NA,NA,0.019864713557784387,0.0017451249460826248,0,NA,NA,NA
female_57,0.003043605376168262,0.0030858110598361572,0,0.001412703739874722,0.006090023981155948,0,NA,NA,NA,0.02096321490270829,0.0019035788354956147,0,NA,NA,NA
female_58,0.003140492624926593,0.003343248956651285,0,0.0014873093976493714,0.0061849417375225806,0,NA,NA,NA,0.022094057113722934,0.002074120301522845,0,NA,NA,NA
female_59,0.0032699013051767064,0.0036185282244639615,0,0.0015743859845067298,0.0062583677848003115,0,NA,NA,NA,0.023257727034225573,0.002258054825859679,0,NA,NA,NA
female_60,0.0034331239989788486,0.00391779271636395,0,0.001674276526920229,0.006302123715242141,0,NA,NA,NA,0.024464062145218915,0.002454576655037015,0,NA,NA,NA
female_61,0.0036319654427354863,0.004245780459903099,0,0.0017876057799975798,0.006310223468281502,0,NA,NA,NA,0.02569061175819804,0.00266557877523337,0,NA,NA,NA
female_62,0.0038648203664758607,0.004599950397871956,0,0.0019146644680736635,0.00627163148501551,0,NA,NA,NA,0.026957369703286337,0.0028904330192628656,0,NA,NA,NA
female_63,0.004133950597026288,0.004991519970864408,0,0.002054920434501708,0.006182040128374474,0,NA,NA,NA,0.02827024793859411,0.0031284413223624944,0,NA,NA,NA
female_64,0.004444914069965809,0.00542116042851091,0,0.0022098291247416293,0.0060354773933525094,0,NA,NA,NA,0.029656165289107944,0.0033812178194402216,0,NA,NA,NA
female_65,0.004794723752187769,0.005896022178195233,0,0.0023791485816596074,0.005836705714525524,0,NA,NA,NA,0.03112268390369266,0.0036509960537398204,0,NA,NA,NA
female_66,0.005183987483335144,0.006424431463657755,0,0.002563373653693699,0.005581579068710172,0,NA,NA,NA,0.032682247938134706,0.003939155623626789,0,NA,NA,NA
female_67,0.0056155951530368516,0.007007799822782502,0,0.0027624681599653584,0.00527397387753452,0,NA,NA,NA,0.034385253620593616,0.004246208424507421,0,NA,NA,NA
female_68,0.006088739653998992,0.007653763786416214,0,0.002976412731981796,0.00492122634251267,0,NA,NA,NA,0.03621896776332347,0.004574240295976057,0,NA,NA,NA
female_69,0.006604074863935985,0.008365271277093463,0,0.0032079378764074754,0.004539476165300704,0,NA,NA,NA,0.038236134953538885,0.00492612590396461,0,NA,NA,NA
female_70,0.00716596248149934,0.00914745114870107,0,0.0034553947277481904,0.0041328229617095145,0,NA,NA,NA,0.040475384238515155,0.005301964298191703,0,NA,NA,NA
female_71,0.007775779163291226,0.010004396349093142,0,0.0037224874693449336,0.003715901874842444,0,NA,NA,NA,0.04296396440754388,0.005709941453269722,0,NA,NA,NA
female_72,0.008436541458757132,0.010939230741709051,0,0.004010177229830867,0.0033005132004280432,0,NA,NA,NA,0.04573986707305051,0.006149544826509656,0,NA,NA,NA
female_73,0.009152072988704057,0.011947958494228524,0,0.004322122039355531,0.002900758447627152,0,NA,NA,NA,0.048853519057692946,0.006623471546709477,0,NA,NA,NA
female_74,0.0099245059441593,0.013036581021998051,0,0.004661130243702951,0.002525189282113886,0,NA,NA,NA,0.05236791771241354,0.007138490070186914,0,NA,NA,NA
female_75,0.010762467966824193,0.014181729505017747,0,0.005030446724138348,0.002179647851539189,0,NA,NA,NA,0.056309080359626035,0.007693822664187078,0,NA,NA,NA
female_76,0.011674818308016817,0.015387235849296892,0,0.005434287066951702,0.0018679787763743849,0,NA,NA,NA,0.06078559336071943,0.008295916040502394,0,NA,NA,NA
female_77,0.01267761859292313,0.01664270013517269,0,0.005874784409863858,0.0015921333948331756,0,NA,NA,NA,0.06583964994287303,0.008948535686804558,0,NA,NA,NA
female_78,0.013768313495357882,0.017939074618543265,0,0.006355860259780772,0.0013533857473751125,0,NA,NA,NA,0.07155200080109952,0.00965863858608507,0,NA,NA,NA
female_79,0.014970287686691838,0.019256331427649025,0,0.0068858196068497055,0.001148804321558175,0,NA,NA,NA,0.07808739034832503,0.010425601082999595,0,NA,NA,NA
female_80,0.01628175868320652,0.020567830913741578,0,0.00746366103750992,9.754422165643605e-4,0,NA,NA,NA,0.08548830102072653,0.011254227775419977,0,NA,NA,NA
female_81,0.017715388072840572,0.021860790489149632,0,0.008091252203061347,8.323327195439384e-4,0,NA,NA,NA,0.09392129271349978,0.012151624336892028,0,NA,NA,NA
female_82,0.019276691421618843,0.02311846267588092,0,0.00876933712649652,7.137042710157418e-4,0,NA,NA,NA,0.10351368415333975,0.013119331375553551,0,NA,NA,NA
female_83,0.020984596516647653,0.024309844275443783,0,0.009498791073729074,6.169604175878513e-4,0,NA,NA,NA,0.11453054951567998,0.014167160218632853,0,NA,NA,NA
female_84,0.022830393482650535,0.025429399270088377,0,0.010273478966300039,5.385563682283589e-4,0,NA,NA,NA,0.127191859569732,0.015295960797172992,0,NA,NA,NA
female_85,0.024829907892820406,0.026475684853229417,0,0.011087988244788164,4.756344637837863e-4,0,NA,NA,NA,0.1416799970345307,0.016510385802737608,0,NA,NA,NA
female_86,0.026970055975615623,0.02741225729713169,0,0.011943974127202214,4.254334866292691e-4,0,NA,NA,NA,0.1584178904091869,0.017820509683185024,0,NA,NA,NA
female_87,0.029246740630404285,0.02824215645447939,0,0.012817855804171548,3.852603325614507e-4,0,NA,NA,NA,0.17766793399340466,0.019232416158378375,0,NA,NA,NA
female_88,0.03164382370973362,0.028967106621286744,0,0.013715108724087044,3.5389679570317195e-4,0,NA,NA,NA,0.19992094280930095,0.020736985726075317,0,NA,NA,NA
female_89,0.03416158791015534,0.029596753153219323,0,0.014618865907250905,3.299142474926118e-4,0,NA,NA,NA,0.22563556805111018,0.022359473221776435,0,NA,NA,NA
female_90,0.036801792460310664,0.03013476785830574,0,0.0155166410810171,3.119257991725192e-4,0,NA,NA,NA,0.25546070771152174,0.024113667419027644,0,NA,NA,NA
female_91,0.039528082416087615,0.030568978382851983,0,0.016406933194114914,2.9863969878271703e-4,0,NA,NA,NA,0.28977312521579474,0.025994959667651345,0,NA,NA,NA
female_92,0.04235020373078291,0.030919622622087636,0,0.017278508757379303,2.8964646792128945e-4,0,NA,NA,NA,0.3294670360308697,0.028016840164606364,0,NA,NA,NA
female_93,0.04526541236226569,0.031221241117521628,0,0.01813077859357446,2.8376729396946366e-4,0,NA,NA,NA,0.3755085655913122,0.030192654113508882,0,NA,NA,NA
female_94,0.04827001139074645,0.03147807260547469,0,0.018964042882710995,2.8095379133298294e-4,0,NA,NA,NA,0.42851474838344283,0.03254395935793214,0,NA,NA,NA
female_95,0.05142304670574134,0.031693883527026616,0,0.019789173533379282,2.8042678965494545e-4,0,NA,NA,NA,0.4895939977881014,0.03506300120425354,0,NA,NA,NA
female_96,0.05469801168703666,0.031886855310690854,0,0.020605405866054145,2.8069892053298937e-4,0,NA,NA,NA,0.560115535436112,0.03775981307499126,0,NA,NA,NA
female_97,0.05811214418263992,0.03209041898869284,0,0.02141852100934305,2.8221176920507646e-4,0,NA,NA,NA,0.6412495061489694,0.0406897208232274,0,NA,NA,NA
female_98,0.06173640999056777,0.03225756478304954,0,0.022262528264088793,2.838038862849014e-4,0,NA,NA,NA,0.7345776026810522,0.043856891686245084,0,NA,NA,NA
female_99,0.06556728664726795,0.03242285816142726,0,0.02313585060583943,2.860292385040304e-4,0,NA,NA,NA,0.8412188344543586,0.0472578931621124,0,NA,NA,NA
female_100,NA,NA,NA,NA,NA,NA,NA,NA,NA,NA,NA,NA,NA,NA,NA
male_0,NA,NA,NA,NA,NA,NA,0.129038390993171,9.220040427106539e-6,0,NA,NA,NA,0.03702247056763222,5.333620892057743e-5,0
male_1,NA,NA,NA,NA,NA,NA,0.08859856211103441,2.0546339445360346e-5,0,NA,NA,NA,0.03476083439898729,6.107197769836987e-5,0
male_2,NA,NA,NA,NA,NA,NA,0.07365921792353324,3.06117470588084e-5,0,NA,NA,NA,0.033704259909170406,6.528751589476179e-5,0
male_3,NA,NA,NA,NA,NA,NA,0.06109913955305825,4.5487692234114966e-5,0,NA,NA,NA,0.03265376541238301,6.982608121227401e-5,0
male_4,NA,NA,NA,NA,NA,NA,0.05068415451196948,6.694139710015898e-5,0,NA,NA,NA,0.03159934130632823,7.472249250557438e-5,0
male_5,NA,NA,NA,NA,NA,NA,0.04194206645652761,9.739027129228662e-5,0,NA,NA,NA,0.030573606230855102,7.994598659582607e-5,0
male_6,NA,NA,NA,NA,NA,NA,0.03458219667639407,1.396009607899254e-4,0,NA,NA,NA,0.029575273334881153,8.551648839463116e-5,0
male_7,NA,NA,NA,NA,NA,NA,0.02856548233395792,1.9620514278746108e-4,0,NA,NA,NA,0.028573602772304398,9.144116963090755e-5,0
male_8,NA,NA,NA,NA,NA,NA,0.023572966401444413,2.7113788708193554e-4,0,NA,NA,NA,0.02764012741791639,9.787167146479842e-5,0
male_9,NA,NA,NA,NA,NA,NA,0.019405703437052446,3.6641849997509857e-4,0,NA,NA,NA,0.026724827086394932,1.0465186291826631e-4,0
male_10,NA,NA,NA,NA,NA,NA,0.015951120325066813,4.84205276224859e-4,0,NA,NA,NA,0.025781197061088466,1.1206444451022265e-4,0
male_11,NA,NA,NA,NA,NA,NA,0.013131578994155253,6.252756528489344e-4,0,NA,NA,NA,0.024869421795271178,1.1994217876111333e-4,0
male_12,NA,NA,NA,NA,NA,NA,0.010794598367662705,7.851804691426687e-4,0,NA,NA,NA,0.02401072762182442,1.282593006868161e-4,0
male_13,NA,NA,NA,NA,NA,NA,0.008871302159528303,9.608973501343552e-4,0,NA,NA,NA,0.023164422166498846,1.37224676366833e-4,0
male_14,NA,NA,NA,NA,NA,NA,0.0073165863854680255,0.0011471070814427966,0,NA,NA,NA,0.02235881534238235,1.4662699197798856e-4,0
male_15,NA,NA,NA,NA,NA,NA,0.006049728710804905,0.0013357058931823174,0,NA,NA,NA,0.021563515578328932,1.5649448520535793e-4,0
male_16,NA,NA,NA,NA,NA,NA,0.005023269584959721,0.0015201799531955051,0,NA,NA,NA,0.02080614102145767,1.667727531041179e-4,0
male_17,NA,NA,NA,NA,NA,NA,0.004196416603796109,0.001693362110850638,0,NA,NA,NA,0.020104635632075006,1.7752117137259578e-4,0
male_18,NA,NA,NA,NA,NA,NA,0.003534788745403871,0.0018498887458381387,0,NA,NA,NA,0.019454325996619913,1.8866554715037088e-4,0
male_19,NA,NA,NA,NA,NA,NA,0.0030042825798274955,0.001987591553613678,0,NA,NA,NA,0.018854117121736083,2.001249832691066e-4,0
male_20,NA,NA,NA,NA,NA,NA,0.00258166151908074,0.002105616045153894,0,NA,NA,NA,0.018294458841546152,2.1197203440481748e-4,0
male_21,NA,NA,NA,NA,NA,NA,0.0022463897771869386,0.0022069387000667406,0,NA,NA,NA,0.01781125918148178,2.2427702804702834e-4,0
male_22,NA,NA,NA,NA,NA,NA,0.0019794357142584136,0.002294129639398643,0,NA,NA,NA,0.01737980685951275,2.3670375854537219e-4,0
male_23,NA,NA,NA,NA,NA,NA,0.0017670536138791816,0.002370707041823122,0,NA,NA,NA,0.01701238706310894,2.496285497462712e-4,0
male_24,NA,NA,NA,NA,NA,NA,0.0016006425717589171,0.002439718557398813,0,NA,NA,NA,0.016709394904897007,2.630818201736431e-4,0
male_25,NA,NA,NA,NA,NA,NA,0.0014712583371549576,0.0025068824392179808,0,NA,NA,NA,0.016458457399207215,2.7712227699409637e-4,0
male_26,NA,NA,NA,NA,NA,NA,0.0013719674584693063,0.002574007954259543,0,NA,NA,NA,0.016267533579030585,2.9166369582380906e-4,0
male_27,NA,NA,NA,NA,NA,NA,0.0012976340406332188,0.0026449425244366616,0,NA,NA,NA,0.016139069442573567,3.0711227432023933e-4,0
male_28,NA,NA,NA,NA,NA,NA,0.0012444667204391956,0.002725198643817125,0,NA,NA,NA,0.01605836508841601,3.236158502247508e-4,0
male_29,NA,NA,NA,NA,NA,NA,0.0012092450930989954,0.00281231647257092,0,NA,NA,NA,0.016038763065246927,3.4135877384451087e-4,0
male_30,NA,NA,NA,NA,NA,NA,0.001189746101638865,0.0029141979775887793,0,NA,NA,NA,0.016063524942136122,3.60672239996927e-4,0
male_31,NA,NA,NA,NA,NA,NA,0.001182988005625097,0.0030263082886374283,0,NA,NA,NA,0.016147130262992367,3.820246875204301e-4,0
male_32,NA,NA,NA,NA,NA,NA,0.0011873546860220472,0.0031518774251973612,0,NA,NA,NA,0.01628615652047062,4.0554994998197617e-4,0
male_33,NA,NA,NA,NA,NA,NA,0.0012003861506567487,0.0032920182528832368,0,NA,NA,NA,0.016463012106577336,4.324397076609481e-4,0
male_34,NA,NA,NA,NA,NA,NA,0.0012209594880042015,0.003444746466726584,0,NA,NA,NA,0.016687257337226223,4.628602481001894e-4,0
male_35,NA,NA,NA,NA,NA,NA,0.0012473523873506003,0.003609834260356896,0,NA,NA,NA,0.016965787573781928,4.976524414551796e-4,0
male_36,NA,NA,NA,NA,NA,NA,0.0012775139490293144,0.0037859805464429555,0,NA,NA,NA,0.01729126258344034,5.372138801366733e-4,0
male_37,NA,NA,NA,NA,NA,NA,0.0013093142368249956,0.003973157181213089,0,NA,NA,NA,0.017651542801013272,5.82965399124875e-4,0
male_38,NA,NA,NA,NA,NA,NA,0.0013410499163509554,0.004166550851348214,0,NA,NA,NA,0.018055676748486287,6.361856698987834e-4,0
male_39,NA,NA,NA,NA,NA,NA,0.0013713343399484861,0.004361591348460577,0,NA,NA,NA,0.018489108998713033,6.981655851302445e-4,0
male_40,NA,NA,NA,NA,NA,NA,0.0013988230103045864,0.004560401148386298,0,NA,NA,NA,0.018964743754714415,7.70075695431312e-4,0
male_41,NA,NA,NA,NA,NA,NA,0.0014221696631976954,0.004757786207737693,0,NA,NA,NA,0.019462429063289512,8.532727068684453e-4,0
male_42,NA,NA,NA,NA,NA,NA,0.0014410301387490808,0.004948035578465825,0,NA,NA,NA,0.019990179033680524,9.495119021466142e-4,0
male_43,NA,NA,NA,NA,NA,NA,0.0014540768419554308,0.005133442837212829,0,NA,NA,NA,0.020542445422606095,0.0010609462874701047,0
male_44,NA,NA,NA,NA,NA,NA,0.0014629732574003847,0.005308950211467101,0,NA,NA,NA,0.0211248451834516,0.0011898633486090735,0
male_45,NA,NA,NA,NA,NA,NA,0.0014671647821168587,0.005473101243339128,0,NA,NA,NA,0.02174084833050649,0.0013364702799539404,0
male_46,NA,NA,NA,NA,NA,NA,0.0014690437299304498,0.005623980593638211,0,NA,NA,NA,0.022359734024814795,0.0015041819472001413,0
male_47,NA,NA,NA,NA,NA,NA,0.0014686211587778791,0.0057588393749127605,0,NA,NA,NA,0.022999083424692097,0.001694399275979097,0
male_48,NA,NA,NA,NA,NA,NA,0.0014685720098413031,0.005876110057336141,0,NA,NA,NA,0.023665874363911397,0.0019083011149789134,0
male_49,NA,NA,NA,NA,NA,NA,0.00146984382284284,0.005982199846997431,0,NA,NA,NA,0.024340277195305647,0.00214662456943447,0
male_50,NA,NA,NA,NA,NA,NA,0.0014742158684293502,0.006070196652361087,0,NA,NA,NA,0.02502766554541099,0.002410906298688096,0
male_51,NA,NA,NA,NA,NA,NA,0.001483342361970448,0.0061460693837835124,0,NA,NA,NA,0.025722173386506165,0.0026990579177760057,0
male_52,NA,NA,NA,NA,NA,NA,0.0014985660816332902,0.006204377032561246,0,NA,NA,NA,0.026439188496486358,0.003011038528998349,0
male_53,NA,NA,NA,NA,NA,NA,0.0015221525137218317,0.006249024208097438,0,NA,NA,NA,0.027166175188337756,0.003344106471324804,0
male_54,NA,NA,NA,NA,NA,NA,0.001554630565057591,0.006284238457106937,0,NA,NA,NA,0.027905907360378172,0.003696662324629219,0
male_55,NA,NA,NA,NA,NA,NA,0.001597921328468537,0.0063073333708406915,0,NA,NA,NA,0.028648996368331788,0.00406654173048338,0
male_56,NA,NA,NA,NA,NA,NA,0.0016533871521310821,0.006320797641389282,0,NA,NA,NA,0.02940566196991074,0.004443543452236742,0
male_57,NA,NA,NA,NA,NA,NA,0.0017223453751872373,0.00632373690152155,0,NA,NA,NA,0.030182318169338078,0.0048256841417192095,0
male_58,NA,NA,NA,NA,NA,NA,0.0018059286324198403,0.0063142720514563055,0,NA,NA,NA,0.030977442872598737,0.005210003610212914,0
male_59,NA,NA,NA,NA,NA,NA,0.0019050330395234977,0.006291837476689931,0,NA,NA,NA,0.03181324391103235,0.005591263730854546,0
male_60,NA,NA,NA,NA,NA,NA,0.0020206438084320617,0.00625373470561469,0,NA,NA,NA,0.03268556357829237,0.005963364636443079,0
male_61,NA,NA,NA,NA,NA,NA,0.0021533643857995013,0.006194931087491135,0,NA,NA,NA,0.033593988019006565,0.006320975402191127,0
male_62,NA,NA,NA,NA,NA,NA,0.002304107505954843,0.006111098399746718,0,NA,NA,NA,0.03455988857961918,0.006667907832652457,0
male_63,NA,NA,NA,NA,NA,NA,0.0024734580260286805,0.00600058639332329,0,NA,NA,NA,0.0355865083407789,0.00700537257487656,0
male_64,NA,NA,NA,NA,NA,NA,0.0026613402752399427,0.005858886443111763,0,NA,NA,NA,0.03668991505252908,0.007330617725997092,0
male_65,NA,NA,NA,NA,NA,NA,0.0028687832319708403,0.005677315895703534,0,NA,NA,NA,0.03790143400271444,0.007649757993187069,0
male_66,NA,NA,NA,NA,NA,NA,0.003095378644943334,0.005456070357834755,0,NA,NA,NA,0.03922495189007501,0.007960292907478725,0
male_67,NA,NA,NA,NA,NA,NA,0.00334176795548487,0.005193665625826757,0,NA,NA,NA,0.040699480748718694,0.008273145756906363,0
male_68,NA,NA,NA,NA,NA,NA,0.0036074427207571265,0.004892901828817941,0,NA,NA,NA,0.04232163495159985,0.008586704362219293,0
male_69,NA,NA,NA,NA,NA,NA,0.0038932197500793552,0.004556115449392501,0,NA,NA,NA,0.044152510921138005,0.008914405468232262,0
male_70,NA,NA,NA,NA,NA,NA,0.004199528522242181,0.004189343268189827,0,NA,NA,NA,0.04620821851757754,0.009255958949418192,0
male_71,NA,NA,NA,NA,NA,NA,0.004526766133596634,0.003804813437402059,0,NA,NA,NA,0.04853008088780293,0.009619488590222092,0
male_72,NA,NA,NA,NA,NA,NA,0.004878589980024221,0.0034104490950865735,0,NA,NA,NA,0.05117450521519697,0.01001186291212141,0
male_73,NA,NA,NA,NA,NA,NA,0.005252635149322209,0.00301543520717157,0,NA,NA,NA,0.05418191286697828,0.010434036179450028,0
male_74,NA,NA,NA,NA,NA,NA,0.005653795535548928,0.0026328326530219836,0,NA,NA,NA,0.057625260348157306,0.010903427773997505,0
male_75,NA,NA,NA,NA,NA,NA,0.006086377566516853,0.0022731177126614956,0,NA,NA,NA,0.06154477280189065,0.011421931945228449,0
male_76,NA,NA,NA,NA,NA,NA,0.006550578818009557,0.0019445510295804213,0,NA,NA,NA,0.06603469805723569,0.011993080767421407,0
male_77,NA,NA,NA,NA,NA,NA,0.007053020601677109,0.0016498442585857823,0,NA,NA,NA,0.07113601317235864,0.012626020883813944,0
male_78,NA,NA,NA,NA,NA,NA,0.007594075149629742,0.0013918695361436388,0,NA,NA,NA,0.07702872033037986,0.013316438071741014,0
male_79,NA,NA,NA,NA,NA,NA,0.008179426676484736,0.0011714887757793696,0,NA,NA,NA,0.08377892447880966,0.014083254921761715,0
male_80,NA,NA,NA,NA,NA,NA,0.0088134585566942,9.862227732981956e-4,0,NA,NA,NA,0.09155722632446005,0.01492618195550027,0
male_81,NA,NA,NA,NA,NA,NA,0.009493002282018295,8.319028632951345e-4,0,NA,NA,NA,0.10050120468697048,0.015845025431641173,0
male_82,NA,NA,NA,NA,NA,NA,0.010220732745272276,7.073515024813319e-4,0,NA,NA,NA,0.11081664392637783,0.016847170898931323,0
male_83,NA,NA,NA,NA,NA,NA,0.010994210304079606,6.067503694751901e-4,0,NA,NA,NA,0.12265563770014734,0.017937253526187913,0
male_84,NA,NA,NA,NA,NA,NA,0.011809197793720874,5.272170750114746e-4,0,NA,NA,NA,0.1362912865856501,0.019107466515109188,0
male_85,NA,NA,NA,NA,NA,NA,0.012666172699136648,4.6609240639413415e-4,0,NA,NA,NA,0.15196538969740692,0.020378693735983677,0
male_86,NA,NA,NA,NA,NA,NA,0.013553852088553097,4.1937405080065375e-4,0,NA,NA,NA,0.17002385491514838,0.021738626131271928,0
male_87,NA,NA,NA,NA,NA,NA,0.014459337352153625,3.844441639321356e-4,0,NA,NA,NA,0.19085018758382022,0.023194610147986964,0
male_88,NA,NA,NA,NA,NA,NA,0.015378671584595733,3.6012743473167564e-4,0,NA,NA,NA,0.21480447128632724,0.024740204388896743,0
male_89,NA,NA,NA,NA,NA,NA,0.016294765172134507,3.4458812422064175e-4,0,NA,NA,NA,0.2423937977901618,0.026378769587227083,0
male_90,NA,NA,NA,NA,NA,NA,0.0172086335126452,3.3678230392510946e-4,0,NA,NA,NA,0.27385643383053015,0.028124884207369596,0
male_91,NA,NA,NA,NA,NA,NA,0.018115689470540073,3.3608097228855966e-4,0,NA,NA,NA,0.3100006973472412,0.029954524982182984,0
male_92,NA,NA,NA,NA,NA,NA,0.018994754675741875,3.416936045731562e-4,0,NA,NA,NA,0.35138686885301124,0.03189433912196006,0
male_93,NA,NA,NA,NA,NA,NA,0.01986043906747474,3.531306125421507e-4,0,NA,NA,NA,0.3987783898252919,0.03393502091524582,0
male_94,NA,NA,NA,NA,NA,NA,0.020705938411017234,3.7110504825115973e-4,0,NA,NA,NA,0.45297904602190275,0.03610560425340356,0
male_95,NA,NA,NA,NA,NA,NA,0.021544153369556042,3.9418143605315795e-4,0,NA,NA,NA,0.5146192188910939,0.038359224662625,0
male_96,NA,NA,NA,NA,NA,NA,0.02237730191992949,4.22332329365322e-4,0,NA,NA,NA,0.5846405774938553,0.0407844036966057,0
male_97,NA,NA,NA,NA,NA,NA,0.023216622773550848,4.545942301635836e-4,0,NA,NA,NA,0.6645180388245735,0.043360957081175794,0
male_98,NA,NA,NA,NA,NA,NA,0.02405895085709326,4.90753216382771e-4,0,NA,NA,NA,0.7560227476194632,0.04606834162043126,0
male_99,NA,NA,NA,NA,NA,NA,0.024935579479648494,5.305484508528606e-4,0,NA,NA,NA,0.8597930870715625,0.04896748850184737,0
male_100,NA,NA,NA,NA,NA,NA,NA,NA,NA,NA,NA,NA,NA,NA,NA
