age,sex,age_sex,population,mx,pyld_rate,deaths_rate_ishd,ylds_rate_ishd,dw_adj_ishd,prevalence_ishd,deaths_rate_copd,ylds_rate_copd,dw_adj_copd,prevalence_copd,deaths_rate_dmt2,ylds_rate_dmt2,dw_adj_dmt2,prevalence_dmt2,case_fatality_copd,case_fatality_dmt2,case_fatality_ishd,incidence_copd,incidence_dmt2,incidence_ishd,remission_copd,remission_dmt2,remission_ishd
0,female,0_female,0,2.1344826342350516e-4,0.04471624574405611,1.2132848304431432e-6,1.9144786130125906e-6,0.06165483129258465,3.1854041912948254e-5,4.441643372177401e-7,1.97345626915088e-5,0.056566530683027264,3.5788962221453127e-4,7.319224121019275e-7,5.542205602576825e-5,0.0408684460012745,0.0013911554149932531,0.03382165003264257,0.06678715190825729,0.08823750720879342,4.561036091034183e-5,5.055509911891606e-5,5.772338488736744e-5,0,0,0
1,female,1_female,0,2.218894463152025e-4,0.046347194319158735,1.326424425059039e-6,2.2889103350990467e-6,0.06113509603623956,3.8544215557571286e-5,4.73531597287629e-7,2.1448134758503817e-5,0.05679289485990249,3.887913137929191e-4,7.766746698635382e-7,6.260568571335135e-5,0.041701616384555995,0.0015455459375132566,0.03162163303426252,0.050182422373634517,0.08049063460620784,5.312623159538207e-5,7.852616979793737e-5,6.45488574180723e-5,0,0,0
2,female,2_female,0,2.306644504686344e-4,0.04803762895375427,1.4501143599978832e-6,2.736573021246263e-6,0.06061974202189976,4.663949890593383e-5,5.048405620189377e-7,2.331049802369696e-5,0.05702016488587174,4.223611870763174e-4,8.241632348370173e-7,7.072043451106511e-5,0.04255177231427976,0.0017170707307172552,0.030520614672386252,0.043912102142964045,0.07800700092001786,5.711867238406498e-5,9.77719771448957e-5,6.804546432733109e-5,0,0,0
3,female,3_female,0,2.3978647742631164e-4,0.049789719300110065,1.5853384613137484e-6,3.2717891067099574e-6,0.06010873231675902,5.643500138036462e-5,5.382196130510575e-7,2.5334572177533498e-5,0.05724834438590164,4.5882962406801824e-4,8.745554142719242e-7,7.988699110067011e-5,0.043419260068702566,0.0019076313571304638,0.02970161595747064,0.03791064951112439,0.07433528469273186,6.165071329993022e-5,1.2334534777154617e-4,7.197876644758245e-5,0,0,0
4,female,4_female,0,2.49269250808709e-4,0.051605714144848776,1.7331722974761225e-6,3.91168219363318e-6,0.05960203029934572,6.828781302357737e-5,5.738056203613133e-7,2.7534398740265982e-5,0.057477436999464955,4.984468989200909e-4,9.280287451594321e-7,9.024168744494932e-5,0.04430443298553214,0.0021193404148164047,0.028733207923305262,0.032976073957141604,0.0711553760395883,6.582915746946449e-5,1.5294746614371343e-4,7.603025094876471e-5,0,0,0
5,female,5_female,0,2.591270369607466e-4,0.05348794429523841,1.8947917344094307e-6,4.676724900332431e-6,0.05909959965689831,8.263002203390648e-5,6.117445034969338e-7,2.9925238471572712e-5,0.057707446380598604,5.414848955049699e-4,9.84771619713978e-7,1.0193852641977417e-4,0.045207651605845556,0.0023545449581152946,0.027913893618393616,0.028450913146702155,0.06830877239490721,7.071721068991017e-5,1.889491400110388e-4,8.020851184045144e-5,0,0,0
6,female,6_female,0,2.6937466641477196e-4,0.05543882557075526,2.071482288295556e-6,5.591393858373461e-6,0.05860140438276308,9.998446632002239e-5,6.521918299145712e-7,3.252367723835195e-5,0.057938376197962056,5.882389732893767e-4,1.0449839490989968e-6,1.1515147226135552e-4,0.04612928382094188,0.0026158525176175687,0.027086262763304378,0.02485830028402867,0.06547677552902839,7.633622111225799e-5,2.3227679154170312e-4,8.4792868392882e-5,0,0,0
7,female,7_female,0,2.800275562023337e-4,0.05746086190375858,2.264649350531191e-6,6.684952813289109e-6,0.0581074087738136,1.20983793290017e-4,6.953134528808207e-7,3.5347741075124036e-5,0.0581702301348957,6.390299943156297e-4,1.1088778677351608e-6,1.3007703789394355e-4,0.04706970502218835,0.002906160007835836,0.026208252626865044,0.021631338795551174,0.06260532945225745,8.203995061681238e-5,2.826001770432908e-4,8.961876139907901e-5,0,0,0
8,female,8_female,0,2.911017330483125e-4,0.05955664855325746,2.47582936616912e-6,7.992388883315372e-6,0.05761757742789215,1.4639352268973848e-4,7.412861915494654e-7,3.8417021235244684e-5,0.058403011889479745,6.942065252010199e-4,1.1766784806724238e-6,1.4693720761867096e-4,0.04802929825392173,0.003228685843052233,0.025359151324794826,0.018952888629497816,0.06004613882317285,8.846438270458106e-5,3.4169539512297355e-4,9.47372122012183e-5,0,0,0
9,female,9_female,0,3.0261385748230437e-4,0.06172887543589409,2.7067020547563453e-6,9.555531930630645e-6,0.057131875241272584,1.7713995323437526e-4,7.902985560040629e-7,4.1752810100441816e-5,0.05863672517459311,7.541472292670547e-4,1.2486246566589837e-6,1.6598273863197864e-4,0.049008454369466554,0.0035870056173847005,0.02456285837021573,0.016565833345848407,0.057614405224424015,9.469973914184689e-5,4.090990558567114e-4,1.0014781608956714e-4,0,0,0
10,female,10_female,0,3.1458124890353095e-4,0.06398033057841891,2.959103770773258e-6,1.1424392858049415e-5,0.056650267406144636,2.1434393035530257e-4,8.425515202388993e-7,4.537824889151515e-5,0.058871373717972617,8.19263465215179e-4,1.3249698697012174e-6,1.8749689047630296e-4,0.05000757219033423,0.003985091744629439,0.023812429489187256,0.014463371522046495,0.055051259378990705,1.0147492707005565e-4,4.8459405018594836e-4,1.0594540876863215e-4,0,0,0
11,female,11_female,0,3.2702191163698496e-4,0.06631390369608922,3.2350421099424492e-6,1.3658763648381935e-5,0.05617271940811951,2.5936170604815923e-4,8.982593462479159e-7,4.9318488204905435e-5,0.059106961262272585,8.900021101830542e-4,1.4059830920794644e-6,2.117996378902359e-4,0.05102705866866763,0.004427357497335779,0.02321240030462789,0.01259803910118024,0.05242469006116489,1.0870436453182657e-4,5.666950142665377e-4,1.120251732394722e-4,0,0,0
12,female,12_female,0,3.399545620200112e-4,0.06873258990158325,3.53671187758518e-6,1.633013033781585e-5,0.05569919702375624,3.1383438034706936e-4,9.57650462600732e-7,5.360086248881656e-5,0.05934349156512433,9.668486265553712e-4,1.4919497419659091e-6,2.3925242971485237e-4,0.052067329052997276,0.004918705933340567,0.022596506603164965,0.011038806662329679,0.050155682384230724,1.1600258951318675e-4,6.566216537769982e-4,1.1844205958520857e-4,0,0,0
13,female,13_female,0,3.5339865656007377e-4,0.07123949354919104,3.866512546037495e-6,1.9523960126628632e-5,0.05522966631810918,3.797477267887064e-4,1.0209684011083828e-6,5.825507966927616e-5,0.0595809683991963,0.0010503303935759662,1.5831726889830459e-6,2.702635646342588e-4,0.053128807057376916,0.005464584252172669,0.022005507602442922,0.009725953619951322,0.04810607162331043,1.2403946271944126e-4,7.50984425796014e-4,1.2517785207964108e-4,0,0,0
14,female,14_female,0,3.67374421206071e-4,0.07383783221921526,4.227067339981618e-6,2.3342435800617674e-5,0.05476409364229604,4.595045827729575e-4,1.088472795419514e-6,6.3313427241619e-5,0.05981939555225414,0.0011410203266253112,1.6799733212454785e-6,3.052942637024423e-4,0.054211925033967046,0.00607104418393494,0.021423893685975037,0.00859637668365191,0.04574434002015921,1.3231754301621672e-4,8.448740733266243e-4,1.3215248304081917e-4,0,0,0
15,female,15_female,0,3.8190288177723537e-4,0.07653094084769631,4.621244101496823e-6,2.7907724947809752e-5,0.05430244563108641,5.56012443773842e-4,1.1604404456417621e-6,6.881099625710272e-5,0.06005877682722106,0.0012395408090016102,1.7826926776443357e-6,3.448655299716331e-4,0.05531712414913695,0.006744809080148415,0.020935365432394264,0.007580016545977493,0.04348457731621748,1.4092570033531285e-4,9.400853427293062e-4,1.3964950456401813e-4,0,0,0
16,female,16_female,0,3.9700589559539756e-4,0.07932227600676221,5.0521781007898695e-6,3.3365888565151156e-5,0.05384468920051075,6.727894546029188e-4,1.2371664533537976e-6,7.478592475850825e-5,0.06029911604223865,0.001346567963188362,1.8916926493634215e-6,3.8956589724376125e-4,0.056444854563156836,0.007493348450342959,0.02044224329334391,0.006712798156302348,0.04133097897574302,1.495515141646991e-4,0.0010367988829979168,1.4763986655937013e-4,0,0,0
17,female,17_female,2050321.2836103286,4.127061843682029e-4,0.08221542034109675,5.523296974040668e-6,3.989155410640002e-5,0.053390791545489265,8.140926615826003e-4,1.3189654316620698e-6,8.127966235349993e-5,0.06054041703072758,0.0014628362909211007,2.007357254860253e-6,4.4006018319029994e-4,0.057595575613553204,0.008324960770723798,0.019998324219739703,0.005986938543445863,0.03928196381924045,1.5844093270398935e-4,0.0011279073643435376,1.558835087066289e-4,0,0,0
18,female,18_female,0,4.293052958280971e-4,0.08524399289777775,6.050538597532157e-6,4.7978761472298465e-5,0.05291550890173623,9.914211059886455e-4,1.4058028968934483e-6,8.83969718017755e-5,0.06079460680358428,0.00158988033740356,2.128771237776397e-6,4.98208184677555e-4,0.058790516906816075,0.009266072284597138,0.01951860739989388,0.005376912402780215,0.03724882317771869,1.6736509348255698e-4,0.001216839578104879,1.6496779903787083e-4,0,0,0
19,female,19_female,0,4.468613193439812e-4,0.08841514734867743,6.6414907916248765e-6,5.805062843093147e-5,0.05241948229741915,0.0012151562821272166,1.4979633810508994e-6,9.620250018089304e-5,0.06106183941002076,0.0017287588427034716,2.256126993616174e-6,5.652977797752369e-4,0.0600314488885519,0.010332761203942583,0.019044461335563263,0.004847699439521497,0.03532352907682685,1.767301799610185e-4,0.001301942362008687,1.7429150949132917e-4,0,0,0
20,female,20_female,0,4.649846933376343e-4,0.09168818415284807,7.282813102157728e-6,7.00277077110002e-5,0.05194047433876753,0.0014846062505840213,1.5963756270870486e-6,1.0466189481458634e-4,0.06132423227958636,0.0018793330824027016,2.3918446925770387e-6,6.407076095257104e-4,0.061287749829788185,0.011511541704725287,0.018506677947795216,0.004402875673643527,0.03349653329383691,1.8655529312977667e-4,0.001382094971445364,1.840894048621589e-4,0,0,0
21,female,21_female,0,4.832168313455283e-4,0.0950156825051782,7.953915237785888e-6,8.34743917988649e-5,0.051514896330893435,0.0017906517067611454,1.702148692128695e-6,1.1371136645312687e-4,0.06156359763276555,0.0020411295733034694,2.5388787414262247e-6,7.22948242278626e-4,0.0625261582855905,0.01277721339794773,0.018055551893841358,0.004031371088309052,0.031825643475513615,1.964724684748209e-4,0.0014564183609858386,1.9466850167444878e-4,0,0,0
22,female,22_female,2176647.476739774,5.010269419644821e-4,0.09834309097826564,8.625754802586984e-6,9.744784983979996e-5,0.05117805595362694,0.0021117726518991003,1.8166020670997384e-6,1.2325144047220003e-4,0.06176148382223575,0.002213262712757499,2.700816947982798e-6,8.094085609089999e-4,0.06371078352953398,0.014090082386165603,0.017521109309615458,0.003720452601768007,0.0303178451318733,2.0611372766198035e-4,0.001528718978813166,2.0606649060662388e-4,0,0,0
23,female,23_female,0,5.173252439243075e-4,0.10171728376434959,9.243951576177814e-6,1.1105491490663228e-4,0.05096114581201798,0.0024259959413044725,1.9409625767580597e-6,1.3333075067181719e-4,0.06194010954224307,0.0023963476612905783,2.859092872247875e-6,8.974682862455839e-4,0.06478859508931237,0.015420981591193638,0.01704626027239109,0.003462247621375242,0.028909421523406094,2.1634463971168113e-4,0.0015983915982500378,2.180024104038297e-4,0,0,0
24,female,24_female,0,5.322688799793994e-4,0.10517206002525874,9.809311277276155e-6,1.24290990048258e-4,0.05083843359287738,0.0027323070509455718,2.0756556766383618e-6,1.440496855024194e-4,0.0621114856328514,0.00259192489791803,3.010034845242194e-6,9.877085140655294e-4,0.06577668556822987,0.016781811078416472,0.016547744682869465,0.003244668305841081,0.02753192742028019,2.267690645515664e-4,0.0016697833119315906,2.3069065816767192e-4,0,0,0
25,female,25_female,0,5.472822854301336e-4,0.1086193471774303,1.0381846462013857e-5,1.3726554261053088e-4,0.050760057053584426,0.003033957296122604,2.220912923942446e-6,1.5533593686756938e-4,0.06224143236672509,0.002800028144022453,3.185087455284527e-6,0.0010820084509978278,0.06674616065612386,0.01818755825687558,0.01602068686532935,0.00307538336988271,0.026414527443434244,2.375020966583623e-4,0.0017397353947359888,2.441376582259939e-4,0,0,0
26,female,26_female,0,5.639657346937705e-4,0.11195967588883594,1.1038265828178973e-5,1.5030973663692396e-4,0.05067670776326995,0.003340211416093226,2.37685725220484e-6,1.6708719607264825e-4,0.06229554161347983,0.003020518083693885,3.4235305555998034e-6,0.001183200860773656,0.06777266228078722,0.019660708579292783,0.015537503107676723,0.0029404387335695377,0.02544874081151967,2.4917417902487284e-4,0.0018140807882593233,2.5854726586381656e-4,0,0,0
27,female,27_female,2113288.042159572,5.841214509350387e-4,0.11508273344182164,1.1875507739609453e-5,1.6398347086790001e-4,0.050539439570369875,0.0036666291224584004,2.5434739604661416e-6,1.7916780423039998e-4,0.06223949963366079,0.003253053528365299,3.777691542797748e-6,0.0012952275382487003,0.06893659512343046,0.021232130320188808,0.01502647841394907,0.0028326092245168693,0.024615017340518047,2.616873783385889e-4,0.0018948114777681678,2.7368108424548885e-4,0,0,0
28,female,28_female,0,6.084384233149185e-4,0.11791339488387141,1.2950770278833293e-5,1.7778479925864728e-4,0.0503127173472383,0.004005715247552922,2.7235526042760316e-6,1.9129371464045392e-4,0.062000071283415406,0.0034976128309490077,4.3315796147372525e-6,0.0014185316402508875,0.07024955306897458,0.022890679423704683,0.014573098954194001,0.002750803512291903,0.024013502245468075,2.7514317258346666e-4,0.001973812288313001,2.903242429006647e-4,0,0,0
29,female,29_female,0,6.361522721893536e-4,0.1204914562892281,1.4247580976650263e-5,1.909332866312963e-4,0.05003004092773523,0.0043389424549204235,2.9189298913311567e-6,2.0344298270983085e-4,0.06160187242217331,0.0037547575709205197,5.1247105783227995e-6,0.0015513679557436866,0.0716649892335396,0.024611658298881473,0.01412621235380098,0.002696476301091921,0.023563458449277437,2.903247600868997e-4,0.0020608788475087493,3.0787879782179076e-4,0,0,0
30,female,30_female,0,6.670457365269433e-4,0.12287795593747511,1.5770240426839468e-5,2.0390121948518495e-4,0.04974567128227143,0.004672950093974961,3.127472577979262e-6,2.1590787076149735e-4,0.061156612111456066,0.004024868271833362,6.143183608799167e-6,0.0016957235167587561,0.0731801190600131,0.02641730721832065,0.013715827803317116,0.0026616233239849813,0.023254961305963308,3.0744040077768597e-4,0.002154096301201649,3.2639854519831004e-4,0,0,0
31,female,31_female,0,7.008407216342593e-4,0.12514133911421885,1.75160697769763e-5,2.1735409711898026e-4,0.04951271115803853,0.0050178137835710564,3.346168710349942e-6,2.2906589986149665e-4,0.060773305725186126,0.004308350215230816,7.3268387564210095e-6,0.0018541348279646206,0.07479191277518156,0.028336753228684827,0.013328984694206326,0.0026425579545925762,0.023088149616806393,3.257432571673986e-4,0.0022549993761705437,3.461312159141178e-4,0,0,0
32,female,32_female,1881935.466120787,7.371762502426731e-4,0.12735652254894625,1.947088606825817e-5,2.3215837363390018e-4,0.04938336898847989,0.0053872457984819,3.57099433067364e-6,2.4338907458749986e-4,0.06055839979707645,0.004605638445469999,8.537616313598688e-6,0.002029809251637299,0.07649701433608858,0.0304070225138738,0.012904725336896435,0.0026443603813199414,0.02303795361611903,3.472642846811798e-4,0.002367493697535386,3.6742568113985687e-4,0,0,0
33,female,33_female,0,7.764699419959385e-4,0.12948906686606174,2.1615871661301578e-5,2.484925816347984e-4,0.049380206252292405,0.005780641371980279,3.783172923870929e-6,2.589083520852424e-4,0.06053946536726822,0.004912730918535025,9.665086713546506e-6,0.0022270988615657812,0.07834642965520809,0.03265395457865673,0.012514308298878039,0.002658182782627495,0.023204749291065065,3.7119360860626583e-4,0.002481667343974891,3.9035550563588256e-4,0,0,0
34,female,34_female,0,8.194702612385086e-4,0.13147611780196605,2.40084853781175e-5,2.6585771635998087e-4,0.04946782870722582,0.006187764471648166,3.9818104227500185e-6,2.7540621996670746e-4,0.060644394265645066,0.005228660391724325,1.075949978533934e-5,0.002447595878172222,0.08035450718812982,0.03507008545300118,0.012129994686359273,0.0026818083437307816,0.0234340624476244,3.985891782394789e-4,0.0026073839896251193,4.145450966665155e-4,0,0,0
35,female,35_female,0,8.662185103745423e-4,0.13335693142573388,2.6762754251533374e-5,2.8426658913157206e-4,0.049611480453312665,0.006611467049843633,4.193283902359923e-6,2.9308974252066264e-4,0.060829574494288594,0.005559555206470959,1.1878653699955015e-5,0.00269024493054635,0.08245798829991836,0.037645519332805424,0.011762027646956141,0.002718566845701157,0.023827018625013976,4.297589275259703e-4,0.002743057197568218,4.4032354188286216e-4,0,0,0
36,female,36_female,0,9.167225473572963e-4,0.13517374823462217,3.0035851349727884e-5,3.037225334337941e-4,0.04977629204776504,0.0070554711473514425,4.4500941931577645e-6,3.122073862359385e-4,0.06105132212657063,0.005913160242687099,1.3116041565505643e-5,0.0029527845774178687,0.0845866536522121,0.04036467573895702,0.011425429157018968,0.0027646809443609612,0.024362340331007808,4.64167306569754e-4,0.0028799846299333055,4.6811143354205914e-4,0,0,0
37,female,37_female,1836936.850909473,9.709459055266145e-4,0.13697151201495034,3.4045619824021715e-5,3.242177562571001e-4,0.04992700782242514,0.007524473640042898,4.793109343131271e-6,3.3305648533449983e-4,0.061265458962454736,0.006299079240746902,1.4607314454552542e-5,0.003231435427097301,0.08666280120093357,0.043205359946069784,0.011099013065511696,0.002816413601974747,0.025042247735187755,5.056941994656151e-4,0.003022564727411571,4.98018164579108e-4,0,0,0
38,female,38_female,0,0.0010287179052854245,0.13871087155684106,3.911055879394468e-5,3.457277068976486e-4,0.05007260047788353,0.008016403663916156,5.243998613888514e-6,3.5538105943658797e-4,0.06149633179149928,0.006709506923982092,1.6393908334380253e-5,0.0035267095485503456,0.08866663992740906,0.04618011197589589,0.010785312561285454,0.002871510130783717,0.02584535873748537,5.521266841056748e-4,0.003162855416546626,5.303220195416586e-4,0,0,0
39,female,39_female,0,0.001090572949371464,0.14035602125663382,4.5438665231699513e-5,3.6830975601156914e-4,0.05023679761513676,0.008528340066662693,5.800208435908265e-6,3.791647863966785e-4,0.06177406827522217,0.00713994764064896,1.8437049295279782e-5,0.0038423516090175715,0.09064440299218704,0.049309357640108686,0.010490120835782065,0.0029248520370229823,0.026670342161829362,6.053783624150558e-4,0.0033067950059262347,5.65060644770784e-4,0,0,0
40,female,40_female,0,0.0011576415055013884,0.14196132823753554,5.311374221595617e-5,3.920851342406651e-4,0.05040602941701174,0.009065333421180755,6.4776067622935064e-6,4.0524233660832617e-4,0.06206229057359847,0.007609794071834778,2.080551039818797e-5,0.004177799915693895,0.0926131441502844,0.052572775118535454,0.010200217052149633,0.0029834855573228768,0.0276126493010709,6.644688239461917e-4,0.003445053649584696,6.019730950258184e-4,0,0,0
41,female,41_female,0,0.0012312838735161708,0.1435838774790965,6.214254736169124e-5,4.1719790171763763e-4,0.050566549397808976,0.009633636547207785,7.295073153880771e-6,4.346608026320102e-4,0.06232397323140031,0.008143419472013568,2.3589820012283777e-5,0.004532013712497459,0.09459165788027259,0.055943526420421455,0.009905740568990887,0.0030366719827772557,0.028606739438683734,7.340000999443233e-4,0.0035856291688215816,6.426618136286327e-4,0,0,0
42,female,42_female,1603657.881442339,0.0013131393489457918,0.14528342785622425,7.239741172453647e-5,4.438179966778e-4,0.050704439497298616,0.010240868697552603,8.274522886684022e-6,4.687386401213001e-4,0.06252149169259959,0.008771609715058002,2.6909859374814145e-5,0.004903404970517897,0.09660048331688038,0.059387677170206085,0.009635588032994552,0.0030929197829264034,0.029606946446427633,8.099175353368398e-4,0.0037209008158482115,6.861218868712842e-4,0,0,0
43,female,43_female,0,0.0014056434840706248,0.14708536580787956,8.422998086163377e-5,4.718296351489451e-4,0.050814750034332556,0.010886608952315227,9.477559576632094e-6,5.088792466321849e-4,0.06264101402607837,0.009524740715731318,3.1078912374209545e-5,0.005292778722245619,0.09869190777594392,0.06287809785301812,0.009382942661190184,0.0031376532225066973,0.030511999790938597,8.94724385655352e-4,0.0038456939530431135,7.327944161905666e-4,0,0,0
44,female,44_female,0,0.001509554409595212,0.14895224875850774,9.820177911370617e-5,5.012011455726885e-4,0.05090655509027435,0.011568822532675004,1.0971202693492438e-5,5.554844726565481e-4,0.06270700461847374,0.010408944204282749,3.630782862399001e-5,0.005700800680531148,0.1008543076092512,0.06641898239157906,0.009130692796640118,0.0031822653105316044,0.03149150394017214,9.91291150221182e-4,0.003978586220876223,7.838332716028273e-4,0,0,0
45,female,45_female,0,0.0016239279020890493,0.15085043391260056,1.142337009132143e-4,5.32305239003719e-4,0.05098691993763142,0.01229483132551169,1.2785069383872226e-5,6.085043206962673e-4,0.06273914373743163,0.011422092977333601,4.250345857138648e-5,0.00612462403303935,0.10300865784568827,0.0700206789523224,0.008879439236902525,0.0032199528975049864,0.03233009668296314,0.0010970848575236306,0.004096885023578605,8.383524873646729e-4,0,0,0
46,female,46_female,0,0.0017472870906584885,0.15274452463429905,1.320093282587744e-4,5.655963312275422e-4,0.05106296695057791,0.013073414811798903,1.4939293360512317e-5,6.676538008254145e-4,0.06275723478876861,0.012556714769222077,4.939093426918137e-5,0.006560542952065668,0.10506911609916945,0.07369757663249701,0.008657574791989532,0.003253923888040705,0.033092529127470856,0.001215150646814837,0.0042054705750682615,8.968858480870223e-4,0,0,0
47,female,47_female,1513443.5000643425,0.0018774851500760366,0.1545973390274889,1.508911342395399e-4,6.016236447468998e-4,0.051141864572527236,0.013915048617646598,1.7435006690480735e-5,7.323121846215001e-4,0.06278112867213781,0.013797599373211605,5.643891243471091e-5,0.007003936779568702,0.10694345438247989,0.0774683665307257,0.008432157260157554,0.0032850738841186137,0.03377149816107378,0.0013388835566539802,0.0043171420527239384,9.60763266388028e-4,0,0,0
48,female,48_female,0,0.0020127291494231514,0.15640685647498226,1.6980041515982997e-4,6.403340621666378e-4,0.05124668081721927,0.014811754489788057,2.028397047562013e-5,8.041524416660617e-4,0.06282022677815083,0.015174155400414271,6.297276822135862e-5,0.007447673347469761,0.1085936878333465,0.08129834050968021,0.008217119227375913,0.0033111708623499853,0.0343487897713078,0.0014731416699921048,0.0044296998932425065,0.001029293115907264,0,0,0
49,female,49_female,0,0.0021549339720000195,0.15819588358898226,1.8866334553832258e-4,6.816605595323863e-4,0.0513727602056176,0.01576244527129146,2.3586560918138984e-5,8.851906017532318e-4,0.06286129505545826,0.016727914335788067,6.903935439012052e-5,0.007890262465550824,0.11006664532501777,0.08515772399198747,0.008030852198202761,0.003334412436924672,0.0347673474198172,0.00161651711152488,0.004533486693709513,0.001102258978427415,0,0,0
50,female,50_female,0,0.0023075419602660335,0.15996316427061189,2.0842954589836898e-4,7.263119575681859e-4,0.05148549509086143,0.016793479329120807,2.7491379843983312e-5,9.746116887958914e-4,0.06289022684442644,0.018448065743377425,7.516383890427162e-5,0.008335926575207228,0.1113954505425508,0.0890817642205101,0.007844592438927031,0.0033567456939029563,0.035055202139763056,0.001770310116432633,0.004640249267830992,0.0011822668295959167,0,0,0
51,female,51_female,0,0.0024749102596137496,0.16170744304504936,2.3057021713858796e-4,7.751491907317949e-4,0.051549989351742556,0.017937523269825287,3.220981126002109e-5,0.001070934665352542,0.0628928942782103,0.02031267663851348,8.212738342600368e-5,0.008790368600212555,0.11261585987215189,0.09311363661320175,0.0076721965252514405,0.0033792838711890058,0.035214595469542864,0.0019357079636639638,0.004765131646497995,0.0012699958673750454,0,0,0
52,female,52_female,1501893.4998682016,0.002662506746691608,0.16342746646426393,2.571985514251167e-4,8.292167937823001e-4,0.05153126692170698,0.019235065410286,3.804337245321303e-5,0.0011718472477821,0.06285519138451873,0.022285698443792096,9.101905632024518e-5,0.0092608370327359,0.11376583028855036,0.09730491987699069,0.007514723636919799,0.003398943146455263,0.03528659986172572,0.0021104291223766006,0.004886615830304383,0.0013643285094090073,0,0,0
53,female,53_female,0,0.0028727843880070572,0.16507725337281126,2.896613802440617e-4,8.896144399481056e-4,0.05136218349820908,0.02074474122001434,4.549426286273999e-5,0.0012760718394389259,0.06274138092263724,0.024359632248237967,1.0281612983405788e-4,0.0097455718663604,0.11479879230684681,0.10167628861208773,0.007382058741296205,0.003422655186326175,0.03528428511890695,0.0022906328758522205,0.004999699633203315,0.0014665921814243634,0,0,0
54,female,54_female,0,0.0031058341895903417,0.16665436864295924,3.2782089805036404e-4,9.567036425880603e-4,0.05106719235743421,0.022480315882480992,5.497873492075272e-5,0.001384889914776468,0.06256123234312058,0.026562987679799456,1.1754633337813535e-4,0.010237931752011552,0.11568297745974102,0.10619638549202187,0.007255464534653023,0.0034432037574486816,0.035199543053743856,0.002482430942064383,0.005127260449670544,0.0015773937870320232,0,0,0
55,female,55_female,0,0.0033649371502968662,0.16822488995193885,3.7213760773708004e-4,0.0010305036080740639,0.05074795340757774,0.024412720546358128,6.670554368826096e-5,0.0014993818508221212,0.062368675988964416,0.028902201237203246,1.35019632623513e-4,0.010739374181237885,0.1164819776311768,0.11084227587306925,0.007148515636164474,0.0034656598736537156,0.035106392014352616,0.0026811790167425575,0.005267347444282804,0.001697867838180542,0,0,0
56,female,56_female,0,0.0036539250954009373,0.16985748312746288,4.229492864409509e-4,0.0011108942200206316,0.050503948637394304,0.026496510422875694,8.072848089074272e-5,0.0016210147902179072,0.06221705759582821,0.031384760428484905,1.5468416177540875e-4,0.011251789233661406,0.11726154991828876,0.11558654091205323,0.0070567320128677394,0.003493049624864013,0.034972948278499394,0.002895059027794079,0.00541040984012418,0.001829001302982153,0,0,0
57,female,57_female,1354368.3127547384,0.003977286285854077,0.1716235170112411,4.8038314882023405e-4,0.0011975719487583001,0.05043297537065226,0.028665482939548594,9.681839705568975e-5,0.0017517022885966001,0.06215925954671618,0.034019404243301896,1.7545952759674517e-4,0.0117775267667453,0.11808931971944786,0.12039701457870952,0.006980603497984803,0.00352088689742004,0.03491013045426328,0.0031142742599174177,0.005538511421792401,0.001972462306988148,0,0,0
58,female,58_female,0,0.0043443786135404375,0.17349641390378795,5.461131837002424e-4,0.0012931510158166325,0.050539533118676636,0.030958043432377437,1.1499472578487418e-4,0.0018919126641780044,0.0622246453245177,0.03678698031951703,1.9673486981720584e-4,0.012320467746164536,0.11896136252265102,0.12530740951670216,0.006931998632082054,0.0035455207693466414,0.0348561626588038,0.0033474153146813065,0.005656801268182132,0.002126743791589727,0,0,0
59,female,59_female,0,0.00476147738045705,0.17543164395978106,6.221690026846212e-4,0.001399412841134245,0.050758304157011554,0.03343529625780644,1.358546439348702e-4,0.0020409330750288755,0.06237800149964534,0.039679275346748435,2.191181139106875e-4,0.01287848743905141,0.11983248664392354,0.1303336962677969,0.0069056593231204095,0.0035773307002950356,0.034915668563952326,0.003607431028437657,0.005765119940553261,0.0022932537498978668,0,0,0
60,female,60_female,0,0.0052278777010626235,0.17747746754101584,7.086696744412342e-4,0.0015139862625984585,0.051082816948052126,0.03603179544354398,1.5979514596283748e-4,0.0021993281041040114,0.06257526432084924,0.042729335421479275,2.430139056141933e-4,0.013444388593307264,0.12070998944991419,0.1354056080710312,0.00689745697445856,0.0036145534738673164,0.035102795759219485,0.0038865366917309324,0.005847752875274344,0.0024735316407634572,0,0,0
61,female,61_female,0,0.005740835989370725,0.17968445469847422,8.051337892876636e-4,0.0016334580151859768,0.05150709329430705,0.038658706354328394,1.8731010166672706e-4,0.0023677265955371024,0.06277199321384805,0.0459803228164201,2.6903155902891385e-4,0.014009729793599254,0.12160138383846784,0.14044220018584702,0.006912884139911339,0.0036512436445637632,0.035402425056254475,0.004185617095699568,0.005900927580040932,0.0026691475206394285,0,0,0
62,female,62_female,1099714.1276224556,0.006294877423299751,0.18210585765333157,9.102484332690234e-4,0.0017532121488221006,0.0520255077866046,0.0412022607101166,2.1901977773279278e-4,0.0025468304713317006,0.06292321668393575,0.04948710217187988,2.9802860058818697e-4,0.014564813732427994,0.12251440451226835,0.1453518901083375,0.00695260045817676,0.0036930925371032337,0.035894446821573125,0.004523384754832518,0.005910720007364204,0.00288049015924419,0,0,0
63,female,63_female,0,0.006890383067189251,0.18474072474585454,0.0010222483320523137,0.0018721710734490556,0.052689591655363556,0.04358440493385208,2.548570083683514e-4,0.0027359275429953566,0.06301997486430279,0.053252106125128776,3.308974071851011e-4,0.015111075481210118,0.12347716746876337,0.15011328864988577,0.007010007240995379,0.003733915568862261,0.03657777644809097,0.004885723316163757,0.005877889333034176,0.0031088324103673484,0,0,0
64,female,64_female,0,0.00753724235159233,0.18756448075959128,0.0011421894919716377,0.001992297362189182,0.053510311828989736,0.045827178874882746,2.949331644109362e-4,0.0029350404425292037,0.06309205322939512,0.05725927878644085,3.676212335908134e-4,0.01565134867616108,0.12448563946752954,0.15475295720563342,0.007105668286388918,0.003784886250499304,0.03736265987333357,0.005293909670843778,0.005800856864686003,0.003357461635580316,0,0,0
65,female,65_female,0,0.00824275357139709,0.1905982888162924,0.0012730628286657633,0.0021124877189397247,0.05441906417264107,0.047957993557397154,3.4065481363185755e-4,0.0031464067333150996,0.06315233443010736,0.06155216528129337,4.0769226812862675e-4,0.01617636447508307,0.1254985289958995,0.15924293354966176,0.007253463261635845,0.0038356465318954832,0.03845928975735616,0.00576057334777191,0.005656272893402398,0.003627068965549608,0,0,0
66,female,66_female,0,0.009015723340834695,0.19386483987145164,0.0014191754527808158,0.0022315132159106375,0.05534296068407515,0.050015972838089985,3.9411180803434874e-4,0.0033728205938441717,0.06321376474151139,0.06618403351482849,4.5023772933396223e-4,0.01667591448555267,0.12647319614781832,0.1635546182201934,0.0074257218078365005,0.0038942920229907904,0.03978331537708212,0.006275479267681794,0.005448249495034977,0.003921378830156969,0,0,0
67,female,67_female,843162.3636290049,0.009866768991151737,0.19738855743348183,0.0015865054473493728,0.002348030884428,0.05620413076179812,0.05205113722082318,4.5834074722345824e-4,0.003617725031583099,0.06328934315531355,0.07121961463527511,4.939485092875182e-4,0.0171389727241379,0.12736571072864764,0.1676590176417783,0.00763378498941919,0.003966669915499382,0.041336956628249336,0.006862984519510394,0.0051875048974888635,0.004237113688816895,0,0,0
68,female,68_female,0,0.010795382026343985,0.20123790419076684,0.0017785720776542495,0.002457915878733101,0.05700760406577482,0.05398075491124677,5.372839383561041e-4,0.0038815730113351326,0.06336877719430328,0.07668972139662052,5.36805973675714e-4,0.017567717911162864,0.12817120550074937,0.17160486956340862,0.00789223219356526,0.004044824304492271,0.0431696167022118,0.007508813982442453,0.004877117583446231,0.004576588608566719,0,0,0
69,female,69_female,0,0.011805143647823091,0.20541950555805658,0.0019960099353891424,0.0025599601486991012,0.05780403903434376,0.0557389708364489,6.333331354838477e-4,0.004164079074028545,0.06344339473462517,0.08260692982176925,5.788245753891314e-4,0.01796429322308876,0.12891690445221,0.17538166678282616,0.008205857196801778,0.004142791836021679,0.04534456640013195,0.008244520361971075,0.004525763985136915,0.004949113311649874,0,0,0
70,female,70_female,0,0.012918465196528133,0.2098623939131006,0.0022423709164196464,0.002657741131520974,0.05857983669391302,0.05742090510100817,7.476530875705446e-4,0.004468587307625087,0.06352872912528083,0.08902369026386242,6.219025221239e-4,0.018316630482974997,0.12960629762041867,0.17886484574358888,0.008567531704991695,0.004267676721831518,0.04787269848103161,0.009058452593830788,0.004143407486294508,0.005347507040173468,0,0,0
71,female,71_female,0,0.014164235029200799,0.21448927569189957,0.002521726182816339,0.002755597224860526,0.0593207225274462,0.05913601482470364,8.803071400986098e-4,0.004799131675436847,0.0636404012852239,0.09600028094961507,6.686443551689966e-4,0.01861221816049858,0.13024305031144076,0.18192246124067504,0.008988568319360825,0.004413948622981157,0.050740246829738364,0.009967586501630486,0.00374443520351523,0.0057806902249109265,0,0,0
72,female,72_female,615569.1603363294,0.015579519859843186,0.21921563589454315,0.002838744617866747,0.0028585954112438,0.060011812319432686,0.0610077266750168,0.0010295823645337695,0.005160565450520098,0.06379416522341841,0.10360607566068522,7.224658592709942e-4,0.0188384091334732,0.13083098582984878,0.18441765832853682,0.009494290048945815,0.0045890089886784545,0.05401879203291492,0.010955293549996218,0.003351350617785793,0.006249266186134904,0,0,0
73,female,73_female,0,0.017186768115468914,0.22404026375745884,0.003197018970055573,0.0029648796163399224,0.06062342490628578,0.06302831286369229,0.0011925800076294387,0.005558440621936471,0.06400358399068153,0.11192259289770563,7.856118057099914e-4,0.018986453298037345,0.1313383894977691,0.18630359902640564,0.010071988276233176,0.004804278366799442,0.05765472762780387,0.012039561183423666,0.0029643215743616726,0.006758136857663735,0,0,0
74,female,74_female,0,0.01900011008563293,0.22902940614121786,0.0036021334416268267,0.0030707089301498305,0.06116201556823291,0.06512054350852024,0.0013718157240275718,0.00599508936873646,0.06425871464202311,0.12101098079329377,8.572997227732324e-4,0.019061015626233788,0.13176119414248624,0.1876375133235646,0.010722851263824967,0.005053692025724976,0.06169882551754287,0.01320894189988928,0.002599285726349894,0.007304584576264379,0,0,0
75,female,75_female,0,0.02105664002189774,0.23419445934272629,0.004063883193168937,0.0031792315977337816,0.06166782540072799,0.06731795584017776,0.0015740759324261986,0.006470786768663238,0.06454003747407538,0.13091676444381575,9.368337102546304e-4,0.01907044447019275,0.13214538332161846,0.18844135044119273,0.01147020548117884,0.005352093122634857,0.06631744414979537,0.014468592256936051,0.0022592039779565608,0.007896110267127478,0,0,0
76,female,76_female,0,0.023401429517656367,0.23954756255892753,0.004594736517574255,0.0032940661605703365,0.06218260797681666,0.06965839537449786,0.0018097436381045086,0.006985041299944071,0.06482773735967176,0.14168314722854916,0.0010229834659911594,0.019023840367852336,0.13253756264198593,0.18874232232805638,0.012337286969764084,0.0056998364246178945,0.07158703322627544,0.01580979257464784,0.0019456581481989044,0.008535785253837375,0,0,0
77,female,77_female,452139.7504919376,0.026089476641477746,0.24510165314738797,0.0052106166656873875,0.0034193520503289013,0.06274954971493972,0.07218462908964228,0.002094159441714126,0.007536384640060099,0.06510165352854874,0.1533495698160145,0.001113838260861753,0.018930765920562698,0.13298490592467171,0.188572066654659,0.013330120170158447,0.006113126276735183,0.07739664545520755,0.01721536866060764,0.0016709697458759999,0.00922729428341596,0,0,0
78,female,78_female,0,0.029225073805638747,0.25091285054948137,0.005933889110129995,0.0035545385769822683,0.06337726125755522,0.074875551716259,0.002445366246244128,0.008133943474153579,0.06535450953690691,0.16615593617491892,0.0012085538412975212,0.018781839737989983,0.13348219872249423,0.187847340247187,0.014427363484160141,0.006586461994811081,0.0838800745829189,0.018661976362780913,0.0014343555085456511,0.009978335565955062,0,0,0
79,female,79_female,0,0.03288619290904684,0.2569894918254853,0.006782098466587466,0.003697720557080386,0.06403816458430057,0.07771890418692264,0.0028729386192105993,0.008785411545669542,0.06559964104435262,0.18025698567955944,0.001308637832234638,0.018572399566856888,0.13399833461350968,0.18655207092922593,0.015683207660297224,0.0071325712079530175,0.09122625937000492,0.02012248642283348,0.0012321125587949166,0.010788578520557859,0,0,0
80,female,80_female,0,0.037084541022453295,0.2632687862171059,0.007765941389241758,0.0038517361917616076,0.06472203318131928,0.08078144913284632,0.003382569897036345,0.009484254385676658,0.06584766948000352,0.1955104802126527,0.0014153639378099885,0.018319214271068116,0.13454223280578267,0.18482276740401446,0.0170646784806016,0.007762864971743694,0.09959670725180499,0.021567144695892992,0.0010554170063402047,0.01166937384052739,0,0,0
81,female,81_female,0,0.04180681979848778,0.26968119749335445,0.008893249355341843,0.004019858087701627,0.06541820286217954,0.08413989391370338,0.003975529159830797,0.010220723924393662,0.06610937889639175,0.21169394118370458,0.001530373918445764,0.018038631845017573,0.1351229676378766,0.18279498134521205,0.01860082648239332,0.008468744755786201,0.10892703865453793,0.022994097126263435,9.101053171670086e-4,0.012611565764437307,0,0,0
82,female,82_female,311897.37155985803,0.04700346380631409,0.27614997164553345,0.010167031384425488,0.004205879241045798,0.06611554196270206,0.08788295292132621,0.004645800663654759,0.010981325324831396,0.06639572955424972,0.2284893776749171,0.0016557446067069677,0.017746277534869997,0.1357497899534305,0.1806007323857124,0.020307197390192537,0.009253551334462626,0.11941256271306044,0.024380938541724836,7.87539913408689e-4,0.013634339163888839,0,0,0
83,female,83_female,0,0.05277258226371996,0.28271485315364514,0.011620430446280828,0.004425463462221324,0.06678473800932933,0.09238531072650799,0.005404239694285308,0.011771297143290267,0.066714991494439893,0.24599273367633845,0.0017963973328473277,0.01744136040575026,0.13644033395049693,0.1782210400122984,0.02218376985146483,0.01011629371730929,0.13123396943608306,0.025710327502810472,6.86939951761905e-4,0.014741362368301932,0,0,0
84,female,84_female,0,0.059262529568788094,0.2894305514253011,0.013294049663997179,0.004681048808355535,0.06743252047164837,0.09769945347824659,0.006274183484203356,0.012599467223970904,0.06706035069117365,0.2644263429166365,0.001953294169997583,0.01711552379908527,0.13718961638215993,0.17558495910417304,0.024150595188656466,0.011043782138632,0.14487071786575756,0.026937960249657916,6.028226188855248e-4,0.015935750333590442,0,0,0
85,female,85_female,0,0.06643462915205757,0.2962326113091795,0.015190038456220942,0.004954091692049836,0.06810276388501157,0.10337068888313095,0.00725758282433691,0.013451960737158172,0.0674201291581331,0.2835268015635703,0.0021216256789432057,0.01677231641674794,0.13797274894901626,0.17274195784830357,0.026267099686506284,0.012058825364036121,0.16016433912716999,0.02802677772547577,5.3365278881344e-4,0.017232453604503796,0,0,0
86,female,86_female,0,0.07419941289917083,0.30305031236926017,0.017297622314520984,0.005221260763802018,0.06884112160363885,0.10882881252191878,0.008350309108551345,0.014311060271209448,0.06778240779501658,0.3029502136767116,0.0022944858677065904,0.016415162104545352,0.13876429934810172,0.16973987306198018,0.02851127711046082,0.013104446271294165,0.1776204959849869,0.029012973457240424,4.777621616992921e-4,0.018631164573746202,0,0,0
87,female,87_female,179987.06617234505,0.08240378873287428,0.30980655659866946,0.01958841844805099,0.005454201899935699,0.06969532841746581,0.11338528919384183,0.009540089796701226,0.015155075294574404,0.06813501137766005,0.32226781630849444,0.0024626187564466212,0.0160473322398983,0.13953825209867385,0.16662445285810212,0.03088497315139159,0.014175500992895534,0.19781772912657278,0.029881779984936213,4.316606636447509e-4,0.02013240140949779,0,0,0
88,female,88_female,0,0.0910483473707399,0.3163816472368915,0.022060127809836093,0.005657305749372629,0.07056105678850727,0.11727376528157855,0.010844278939919356,0.01596561307215599,0.06846901187396322,0.3410733874401707,0.0026258134152009225,0.015667635003842873,0.14027014462271398,0.16337834625062977,0.0333165720369153,0.015284081779461773,0.22097471121408843,0.03057098710107519,3.956519216005933e-4,0.021769332818785604,0,0,0
89,female,89_female,0,0.10021722551366324,0.3228070567828952,0.024742261220585714,0.005844867866441548,0.07140726119536582,0.12085360313005085,0.012278297252773601,0.016743881553969848,0.06879232532158606,0.3593713366377862,0.00278761197672731,0.015275993729554845,0.1409768539043726,0.15998856332571335,0.03592357279789478,0.016387393954684228,0.2468801792978025,0.031157414628437415,3.650326486084913e-4,0.023529532650663633,0,0,0
90,female,90_female,0,0.10979990776992903,0.32923773239095316,0.027636183548595865,0.005998727794007293,0.07239954729155113,0.12350525111942266,0.013806272118294062,0.01749677508893567,0.0691180432396403,0.377336392449812,0.002941798970563556,0.014876981790440749,0.14169449821748398,0.1565034667714938,0.038557576631439605,0.017453659947748244,0.27776165112721374,0.031626199029600316,3.4154278331011346e-4,0.025449047462141113,0,0,0
91,female,91_female,0,0.11964505091586791,0.335841849837165,0.030740340355596914,0.006099522370702939,0.07371328789670777,0.12457498364341008,0.015371884554225319,0.018233896248624835,0.0694595088861858,0.3952105816733344,0.00308117456632548,0.014474828780057823,0.14245994229239978,0.1529683084986152,0.0413013497444799,0.01849325241618506,0.312750718612704,0.03198034942331317,3.230325136107277e-4,0.027491984936924438,0,0,0
92,female,92_female,84867.70619680645,0.12955809012285574,0.34280128406679655,0.034049897015865714,0.006127982576774202,0.07553921299542805,0.12343785314567268,0.016896695429729772,0.0189674450466842,0.06983033481532817,0.41330247301010453,0.0031978102595062764,0.014073405217231105,0.14331087376895835,0.1494250268037192,0.04405347595036705,0.019509711815728904,0.3526113961805589,0.0323158928931042,3.064720992544672e-4,0.029712770840516343,0,0,0
93,female,93_female,0,0.13909680421187076,0.35017551160630206,0.037495070796702334,0.006058282147529595,0.07806849798114075,0.11945183494731082,0.0182563344768769,0.01967549590117849,0.07023851527843107,0.4311908318013085,0.0032780778856671233,0.013668533519353336,0.14427161777530373,0.145834465455749,0.046805059133630075,0.02042555085067939,0.3993518107394296,0.032512105677100625,2.9224127418409415e-4,0.0321352216647221,0,0,0
94,female,94_female,0,0.14814602474721944,0.357862027802429,0.04104819459838757,0.0059043198994248,0.0812435760536801,0.11324765806048817,0.019427704414976495,0.020340947701008576,0.07067564183499753,0.4484869423511076,0.0033225822898224123,0.013259251782019178,0.14531932466956352,0.1421818064632712,0.04965965039422718,0.021324751043307357,0.4529605502134362,0.03267760232343456,2.8016068032139926e-4,0.03474907200746672,0,0,0
95,female,95_female,0,0.15706319073176675,0.36580702808098986,0.04478817597051284,0.0057074325056594155,0.0848832788705856,0.10611464192035042,0.020495368474251957,0.02098823431427185,0.07113076502472851,0.4656666116534213,0.003346003978710739,0.012853332745513875,0.14642100704332647,0.138538039292913,0.05258673507140511,0.022176205701440674,0.5140066613797151,0.03281197919432788,2.708725047888981e-4,0.03755545513503741,0,0,0
96,female,96_female,0,0.16632660392743528,0.3739513597390023,0.04882812519033674,0.005505849285195988,0.08877388783063699,0.09913997747999242,0.02157478910238817,0.021645639996332896,0.07159266318545157,0.4832942743517139,0.0033641528335282217,0.012457686372575324,0.14754272333369864,0.13496754078403383,0.05562088171174642,0.022958092906720406,0.5836539640924632,0.03280865255703259,2.6252084837720955e-4,0.04054630922000301,0,0,0
97,female,97_female,33998.07605762078,0.1765400490175602,0.38223011258227324,0.05332145682874247,0.0053331351991591025,0.09265916429238408,0.09316815159011198,0.022809943917890832,0.022345256577872806,0.07204982271765654,0.5020254036486548,0.00339334383586071,0.012078394681644705,0.14864949104732508,0.13152825399029508,0.058613863743245655,0.02373571609436555,0.6614775767747509,0.0329705194077372,2.555500238152114e-4,0.043851762778190764,0,0,0
98,female,98_female,0,0.1878101173095992,0.3906442084584298,0.05832560432256522,0.005186992354656704,0.09652316711632394,0.08807067061733603,0.024220812396255217,0.02308982535470416,0.0725021148632206,0.5219359749109087,0.003433862512905369,0.011714701358360476,0.14974084622854417,0.1282148112928761,0.0619230612763301,0.024511467973643654,0.752122100048497,0.03299037625721438,2.4871121210518176e-4,0.04743264579975238,0,0,0
99,female,99_female,0,0.19979965090151808,0.39924352524492973,0.06379938437388467,0.005044854233492769,0.10054830368172837,0.08325208658331372,0.025718947632942524,0.02385920399046464,0.07295724626885808,0.5426362090968075,0.0034748650086459435,0.011361959228251171,0.15084021392378663,0.12498484041368632,0.0652300866230372,0.02534066662040791,0.8543001499299265,0.033055310339933926,0.00024529679632790237,0.05126836511574804,0,0,0
100,female,100_female,0,0.21255457944558845,0.40803214024088325,0.06978687137086247,0.004906611095029142,0.1047412934667711,0.07869714028396718,0.027309747357950276,0.02465421917721983,0.07341523475799974,0.5641574246213165,0.0035163571001844357,0.011019838539230942,0.15194765295934654,0.12183623854151847,0,0,0,0,0,0,0,0,0
0,male,0_male,0,2.4401310074850208e-4,0.03414767807960344,1.411511101448705e-6,2.6766191920134717e-6,0.05969741049935466,4.587570083255227e-5,3.0855876626858835e-7,2.0829616228128055e-5,0.059316932375863336,3.5929750612756527e-4,1.8025595935913742e-7,5.583722740371547e-5,0.04431890757096805,0.001289099428476585,0.024578281368256627,0.08552509550105224,0.09224761632814703,5.210522203110301e-5,2.9831523990379904e-5,6.834891273603937e-5,0,0,0
1,male,1_male,0,2.6880226233819024e-4,0.035283532128345646,1.5822134511086998e-6,3.1928839176829258e-6,0.05916675230994071,5.534015272302298e-5,3.405275140096207e-7,2.2708172584845625e-5,0.05950983837858147,3.913166894789536e-4,1.9997663391921298e-7,6.329841799193104e-5,0.04488298255065739,0.001446259092566465,0.02302824974436624,0.06372321463087562,0.08565220960252395,5.873753197665269e-5,5.3258224000852505e-5,7.684618417525713e-5,0,0,0
2,male,2_male,0,2.9610974171669725e-4,0.03645716808474894,1.7735598411517565e-6,3.8087254781019073e-6,0.05864081121146311,6.675718185943026e-5,3.758084374003319e-7,2.4756149921129755e-5,0.059703371735486545,4.2618929676177834e-4,2.218548238617873e-7,7.175660229889238e-5,0.04545423687208032,0.001622578768266955,0.02222948735530331,0.0547915866260916,0.08189986144752903,6.260423783606642e-5,7.053768205215674e-5,8.155244700657456e-5,0,0,0
3,male,3_male,0,3.2619137345359935e-4,0.03766984268822285,1.988046876950829e-6,4.543350194225008e-6,0.05811954527307575,8.052961747535989e-5,4.14744699946005e-7,2.6988827772361198e-5,0.05989753448681204,4.641696139159132e-4,2.4612656942024787e-7,8.134500255816469e-5,0.04603276191129426,0.0018203943351247876,0.021364042501028423,0.04697512345720173,0.07887553976855666,6.67969405321689e-5,9.326827313850441e-5,8.634520698310854e-5,0,0,0
4,male,4_male,0,3.593289822168178e-4,0.038922854481093686,2.2284730930687325e-6,5.419668890825763e-6,0.057602912936661324,9.714339506396814e-5,4.5771501918160453e-7,2.9422863686266332e-5,0.06009232867942648,5.055345878460134e-4,2.730537345102741e-7,9.221464268368719e-5,0.04661865020735793,0.0020423264498239807,0.020611610795090163,0.040683633164205646,0.0748759531710256,7.076302761334655e-5,1.230323926413336e-4,9.154884982205658e-5,0,0,0
5,male,5_male,0,3.9583302309293317e-4,0.04021754519909483,2.497975467333083e-6,6.465011419000893e-6,0.05709087301351809,1.1718470173339185e-4,5.051373503065657e-7,3.207641750143611e-5,0.06028775636685503,5.505858458777434e-4,3.029268319370385e-7,1.0453672700052805e-4,0.047211995477133596,0.0022913152645933172,0.02016881926545186,0.03476976837654105,0.07196742299442879,7.528799614952429e-5,1.6110527199029778e-4,9.706703890762518e-5,0,0,0
6,male,6_male,0,4.3604549013624504e-4,0.041555301208108825,2.800070350773344e-6,7.711978995352182e-6,0.05658338468107622,1.4136065875916147e-4,5.574729514687357e-7,3.496928683412591e-5,0.06048381960930124,5.996518951800159e-4,3.3606815769061667e-7,1.1850533683102461e-4,0.04781289263027783,0.0025706593782844193,0.019611578731014254,0.030105276125356125,0.06850951723468111,7.976537058474298e-5,2.093714974167452e-4,1.0283306823076686e-4,0,0,0
7,male,7_male,0,4.8034312039579006e-4,0.042937554988699715,3.1386993474562106e-06,9.199460939845391e-6,0.05608040747964301,1.7052427108008706e-4,6.152308702388661e-7,3.8123054784176735e-5,0.060680520473668606,6.530905181911078e-4,3.7283526814501425e-7,1.343404874094024e-4,0.04842143778442283,0.002884059536143549,0.019096702754356046,0.025729392731575776,0.06511374931356467,8.489753537641416e-5,2.689598695271495e-4,1.0903995633053733e-4,0,0,0
8,male,8_male,0,5.291409234377626e-4,0.04436578667002557,3.5182807428396223e-6,1.0973847521465715e-5,0.05558190130917742,2.0570452403547893e-4,6.789728949138084e-7,4.156125096205923e-5,0.06087786103358253,7.112913815157475e-4,4.1362483767573514e-7,1.5229159327338456e-4,0.049037728280551154,0.00323566765721081,0.018598920522358883,0.021820827158461994,0.0618073458019225,9.036386739103664e-5,3.4123718602461687e-4,1.1550350646961311e-4,0,0,0
9,male,9_male,0,5.828960694302514e-4,0.04584152561477338,3.943767151660524e-6,1.3090476736825291e-5,0.05508782642609297,2.481426892526631e-4,7.493190188077697e-7,4.5309527038431624e-5,0.0610758433694121,7.746788773168705e-4,4.588769383151128e-7,1.7264139671509588e-4,0.049661862698566074,0.0036301418388607724,0.018125584867168927,0.018641374100217937,0.058178303088512046,9.620598399997074e-5,4.255274780041767e-4,1.2229611578789233e-4,0,0,0
10,male,10_male,0,6.42112172216443e-4,0.047366352056813686,4.420710137521143e-6,1.561536014257256e-5,0.05459814344008912,2.993361206724049e-4,8.269534706806157e-7,4.939584812594999e-5,0.06127446956829194,8.437152179210547e-4,5.090797876178996e-7,1.9571042116707597e-4,0.05029394087306011,0.004072708067183587,0.017723162033603683,0.015883657476737187,0.05500631351661209,1.0233176883484184e-4,5.211214502380977e-4,1.2956755191412248e-4,0,0,0
11,male,11_male,0,7.073440075029626e-4,0.0489418987933286,4.955332647302411e-6,1.862724156533506e-5,0.054112813311011004,3.610910859758199e-4,9.126313699587963e-7,5.38507014211899e-5,0.0614737417241444,9.189038062030433e-4,5.647750159610732e-7,2.2186201966729676e-4,0.05093406390928432,0.004569229450744451,0.01730124582869307,0.013665037587545975,0.05158869546987044,1.0889072551161684e-4,6.282593191757329e-4,1.372678426911447e-4,0,0,0
12,male,12_male,0,7.79202710366466e-4,0.05056985293322482,5.554610205497483e-6,2.2220052894417786e-5,0.053631797345736795,4.35586497474165e-4,1.0071860714815825e-6,5.870732366331605e-5,0.061673661937701414,0.0010007929063257078,6.265635101058867e-7,2.5150809791999325e-4,0.051582334199320665,0.005126283894928949,0.016894985681681126,0.011641596979318759,0.04846813043801588,1.1615436798296607e-4,7.456363969812712e-4,1.4545029236506086e-4,0,0,0
13,male,13_male,0,8.583615007721736e-4,0.052251957703704395,6.22636192785422e-6,2.65058435463439e-5,0.05315505719509302,5.254507910907454e-4,1.111537271212037e-6,6.400194910651904e-5,0.06187423231652685,0.0010899796416019459,6.951118960674212e-7,2.85115602094454e-4,0.05223885543846038,0.005751251245902391,0.016432457532085748,0.009897288832806841,0.04533008528553159,1.236145763454705e-4,8.702803002813442e-4,1.5451165336726011e-4,0,0,0
14,male,14_male,0,9.455619907447984e-4,0.053990014316927244,6.979352541833384e-6,3.1618274962781894e-5,0.05268255485079706,6.338546659708283e-4,1.2266999517537452e-6,6.977407985629287e-5,0.062075454975038614,0.0011871143486303385,7.711597312342521e-7,3.2321387354908223e-4,0.05290373264179079,0.006452411058664603,0.016090228213577883,0.008422177410118614,0.042617854080427287,1.3118914959125817e-4,9.932847468960572e-4,1.6376024501664498e-4,0,0,0
15,male,15_male,0,0.001041621132281624,0.055785883898764516,7.823406745001627e-6,3.771678912516551e-5,0.05221425264242692,7.646229568690566e-4,1.353794254682789e-6,7.60667805864753e-5,0.062277332034530904,0.0012929053194542873,8.55527483332845e-7,3.664029863226989e-4,0.0535770721609931,0.007239052284429427,0.015676313670887156,0.007227115888420744,0.04000535709760019,1.3890270490649867e-4,0.001118262980630629,1.7363990149088244e-4,0,0,0
16,male,16_male,0,0.0011474388711003947,0.05764148948170817,8.769537393458436e-6,4.499158108994569e-5,0.05175011323441805,9.223695865292973e-4,1.4940563757192083e-6,8.292699983587268e-5,0.06247986562319672,0.0014081239663237544,9.491253823204342e-7,4.153631987143179e-4,0.054258981701354236,0.0081215963304651,0.015320202664125112,0.006251965530946391,0.03751477436115635,1.4691793911754107e-4,0.001241265298276147,1.8406468934147247e-4,0,0,0
17,male,17_male,2165940.6957604666,0.0012640065779273893,0.05955881806407046,9.830089192844314e-6,5.366953062349999e-5,0.05129009962308659,0.0011126603596077,1.6488505887109483e-6,9.040592028159993e-5,0.0626830578761501,0.0015336104467203,1.052963240707998e-6,4.708656678202999e-4,0.05494957033899486,0.009111735122689901,0.014991826839454398,0.00546822171665484,0.03544982029015868,1.5551009195037912e-4,0.001356865715556529,1.953345894315038e-4,0,0,0
18,male,18_male,0,0.0014096836019495095,0.061539734486202355,1.1020585608450286e-5,6.440579865305714e-5,0.050790234278314944,0.0013513915323933832,1.8291105360206967e-6,9.873124929521265e-5,0.06295921226873688,0.0016712129268970364,1.1663690147324525e-6,5.350411810123026e-4,0.055658079529983306,0.010244610059540924,0.014685681326955247,0.004805704880358441,0.033611678805221853,1.6418441916513107e-4,0.0014703217325914009,2.0734176125644454e-4,0,0,0
19,male,19_male,0,0.0015916460640776776,0.06358634134827582,1.2357150232868269e-5,7.775400605026401e-5,0.050251765541071795,0.0016525732058902786,2.039590255176065e-6,1.0801131077614689e-4,0.0633092866309006,0.0018221791558898392,1.290006442058521e-6,6.093945525316544e-4,0.05638497434467224,0.01154315263352398,0.01435077374625449,0.004266387952934778,0.03195880637767541,1.7365828678358747e-4,0.0015769003260409204,2.2048744841395203e-4,0,0,0
20,male,20_male,0,0.0017860560444531636,0.065701112037093,1.3854752143217061e-5,9.358802071393832e-5,0.049740507945087775,0.002014001328043317,2.2684214257635005e-6,1.180607177141966e-4,0.06362474321957752,0.001986227920369671,1.4278454882973468e-6,6.932651013424508e-4,0.057116676691979375,0.012992302218559858,0.01399939564882701,0.0038285954007175388,0.03064560063752203,1.8318301109381907e-4,0.0016739077670708863,2.3447979307294843e-4,0,0,0
21,male,21_male,0,0.0019554134108129505,0.06788663163820029,1.552910101271599e-5,1.113054650853557e-4,0.04931967845497393,0.002421234903791334,2.496984776168054e-6,1.2859613481795538e-4,0.06379499660923318,0.0021626287409877583,1.5852737381691215e-6,7.849785009799428e-4,0.05783889206850908,0.01456057316523191,0.013664542935652037,0.003463063274982861,0.029562218502144157,1.9301151052810106e-4,0.0017728387239010451,2.4964544511729204e-4,0,0,0
22,male,22_male,2236394.7556413715,0.00205044542041222,0.0701456026354878,1.739647787411576e-5,1.2963148787420006e-4,0.04905064624978973,0.0028421750513875008,2.6993108233647325e-6,1.3921994585949996e-4,0.06370897432154689,0.0023500975950404993,1.7695438186225018e-6,8.815401132825002e-4,0.058536615826119597,0.016195692366587404,0.013324244826764165,0.0031785697194535393,0.02866417472147087,2.031957379933861e-4,0.0018643090027461733,2.661548525904263e-4,0,0,0
23,male,23_male,0,0.0020829346424003,0.07253004299020065,1.9452664986292613e-5,1.4735862151722792e-4,0.04898170825021533,0.003243787954652779,2.8420573986024023e-6,1.4949983055854535e-4,0.06323216881087423,0.0025492560354430567,1.974944847208471e-6,9.795574077340551e-4,0.05914267919205823,0.017858284302361496,0.012982755148730362,0.0029445393352813274,0.02791070784040897,2.142434486260362e-4,0.0019510771817271223,2.8353933568573157e-4,0,0,0
24,male,24_male,0,0.0021019638726613664,0.07504735401174331,2.171531282678005e-5,1.644796802929976e-4,0.04906957001581965,0.003624121621790335,2.929544300409296e-6,1.5951534891124996e-4,0.06244505267374475,0.0027618952608056556,2.200484724912881e-6,0.001079549047310601,0.05966386310117368,0.019562924187739854,0.012692091458825197,0.002757728418321193,0.027407561372811376,2.2620104801083932e-4,0.0020395356906831624,3.024797094267758e-4,0,0,0
25,male,25_male,0,0.0021115299307929536,0.07762611183363209,2.4247631351726202e-5,1.8115935260533004e-4,0.04923845072478826,0.0039891027577343965,2.9933494619792666e-6,1.6963475081282575e-4,0.06155671145241439,0.0029878463349228513,2.468013869402757e-6,0.0011841674729094356,0.060198552147759966,0.021327793380757142,0.012388811501749678,0.002614329517220547,0.0270404237938641,2.3911253945411515e-4,0.0021300071377576128,3.2353450093015087e-4,0,0,0
26,male,26_male,0,0.002115883939078522,0.08018447963807898,2.7135375925578546e-5,1.9786146310707108e-4,0.049412289682777034,0.004353547795409279,3.0697835345000133e-6,1.8034569213947455e-4,0.06076662594217583,0.0032266936128882533,2.809563169299019e-6,0.001297405495912059,0.0608488442251291,0.023181443674758724,0.012118546054606959,0.0025050315664913872,0.026850567565700468,2.520117290887837e-4,0.0022274775468524664,3.467517502176201e-4,0,0,0
27,male,27_male,2122443.8693481735,0.002119382104799626,0.08263002095635338,3.049388087876661e-5,2.1535440875540012e-4,0.04951408075381814,0.004741115361290099,3.199292232557799e-6,1.922663815230999e-4,0.060264574697913784,0.0034777369785431015,3.273317175763805e-6,0.0014248324205608997,0.06172165202260504,0.0251641185790775,0.011909683725012263,0.0024287228687110292,0.026769866693184242,2.668187365935039e-4,0.002331619833087877,3.7077987998323587e-4,0,0,0
28,male,28_male,0,0.002126963781529283,0.08495209082948392,3.450494171121401e-5,2.330650852158022e-4,0.04952570624536855,0.005142719151070189,3.3919536459433814e-6,2.0571173630143147e-4,0.06009442380900585,0.0037408574693268463,3.963470058301181e-6,0.0015683399520726395,0.06285240352937413,0.027268709342091704,0.011727457048256354,0.002376815189721519,0.026798491924834536,2.8251732740625253e-4,0.0024444498170718013,3.967670695626635e-4,0,0,0
29,male,29_male,0,0.002138681974336266,0.08719580413907208,3.926240899800394e-5,2.4997973616767147e-4,0.049498389510393,0.005532624365110037,3.628221919556631e-6,2.2043856206491888e-4,0.06012449104624271,0.004016553950909142,4.9602534477424896e-6,0.0017261661276911627,0.06418307284586153,0.0294631741721242,0.0115805814443178,0.0023488146036398268,0.027016895381378636,2.9967011028871234e-4,0.0025632382958709473,4.250349599506097e-4,0,0,0
30,male,30_male,0,0.0021515663566575214,0.08934433384462111,4.474324966776876e-5,2.6661115798636784e-4,0.04945865324981875,0.005919522909060639,3.9093513213021165e-6,2.3629884266055404e-4,0.06027844499250164,0.0043047727035322335,6.269786692117316e-6,0.0018999692514658486,0.06568452428932961,0.0317639266502037,0.0114615971144136,0.0023371085618547737,0.02726320512307314,3.19543541396691e-4,0.0026879882377075,4.5681030028478736e-4,0,0,0
31,male,31_male,0,0.002162583277764244,0.09138038063685829,5.0858193476766455e-5,2.836870803168781e-4,0.04943297194495429,0.006316120700994597,4.236443998908703e-6,2.5307770538335507e-4,0.06048034897245398,0.004605398172081393,7.8217169255055e-6,0.002091644069282408,0.06732544313718625,0.034192916631160565,0.011396730318889485,0.0023478001326801426,0.02759807441535826,3.4133090028412133e-4,0.0028199884334620074,4.905816413565592e-4,0,0,0
32,male,32_male,1848664.0238314806,0.0021686408536713488,0.09328633633333835,5.742553518690581e-5,3.0215536277809996e-4,0.049447776190352975,0.006739278151267498,4.610023472044387e-6,2.704812675706998e-4,0.060653572912352065,0.004918250488715801,9.410911131017418e-6,0.002303360177184399,0.06907146402641513,0.036778416979798195,0.01137365964419694,0.0023685511008103514,0.027966892616256376,3.6593166546211527e-4,0.002960220981900956,5.279058101259567e-4,0,0,0
33,male,33_male,0,0.0021704565897883244,0.09500455999197524,6.424730116614948e-5,3.21825329623522e-4,0.049526958475316386,0.007179898705996952,5.0294947307419806e-6,2.882496813961127e-4,0.06083160324310285,0.005235755118309442,1.0810021212252957e-5,0.0025399222499020127,0.07099242409363228,0.03953194381262874,0.011405781276451272,0.0023967743523731566,0.028434911229691426,3.948248941102951e-4,0.0031051597272868043,5.677735145973456e-4,0,0,0
34,male,34_male,0,0.0021717294440848863,0.09652855368946034,7.141539609886523e-5,3.4201732900156207e-4,0.049653112056434974,0.007623794725089946,5.507051543010145e-6,3.0654929495854195e-4,0.061066180256984716,0.005556088092599497,1.2038346429574611e-5,0.002804312460830378,0.07313065672904111,0.04244206292372112,0.01143889520961696,0.0024433284736724284,0.029022497946693628,4.276268981998063e-4,0.003258724245020335,6.117734708667884e-4,0,0,0
35,male,35_male,0,0.0021738239161988113,0.09792165911671143,7.917233100543799e-5,3.632114158860995e-4,0.04979059882307934,0.008086450227052698,6.066182939501682e-6,3.2572092542310674e-4,0.061306918246716434,0.005889547807264458,1.3196992639971497e-5,0.0030952970522047205,0.07540065654828902,0.04550645279201865,0.011479632371775085,0.0024967932288344026,0.02966474291343395,4.6509771253991296e-4,0.0034205925760269033,6.603262770590128e-4,0,0,0
36,male,36_male,0,0.0021781105304542877,0.0992521731974419,8.787334032982039e-5,3.860111758547249e-4,0.049903433175655584,0.008587453405558996,6.7381621682649436e-6,3.4619346145181156e-4,0.06150268449541161,0.006249132429974551,1.4460169664487343e-5,0.0034101286392437006,0.07770572748328446,0.04872060481384369,0.011510623612841935,0.002558613504157382,0.03030726953383158,5.079098101493915e-4,0.0035805225571004635,7.144130381133327e-4,0,0,0
37,male,37_male,1748828.8854993903,0.002185975336204802,0.10059265362197131,9.801678656294889e-5,4.1116372796249994e-4,0.049955330561845875,0.009151167980453297,7.565280301071259e-6,3.6849698158849994e-4,0.061601761964704425,0.006650960522144799,1.607994316220499e-5,0.0037441585237730996,0.07993688968410721,0.052077550826172304,0.011554753950344006,0.002626135086188401,0.03103260034195518,5.568220527326835e-4,0.003738628330784751,7.723781226769659e-4,0,0,0
38,male,38_male,0,0.00220694982028442,0.10187846528528605,1.097876508739083e-4,4.3800038933094256e-4,0.04993641828459428,0.009765970787045842,8.638764317745317e-6,3.916621840223105e-4,0.06156047511857259,0.007083827740106627,1.814003333971351e-5,0.004096683270228425,0.08206780296068947,0.05557991710421014,0.011594714523525868,0.0026981504211154974,0.03184027486902506,6.127778013517483e-4,0.0038992792152168793,8.355943562419965e-4,0,0,0
39,male,39_male,0,0.002247290870765691,0.10305536943155649,1.2317178434556952e-4,4.661746326227333e-4,0.049870798468708566,0.010421345720907419,1.0016959587159457e-5,4.153453065847927e-4,0.06141316497129204,0.007539964751866751,2.0550346562470265e-5,0.004471537542041415,0.0841628315939269,0.05923222281208217,0.011575111295243436,0.002767429111017106,0.032768434497808675,6.760806331427493e-4,0.0040626052035627564,9.051313858639762e-4,0,0,0
40,male,40_male,0,0.0023036536229933237,0.10421820550992278,1.3857935995652542e-4,4.973153127297652e-4,0.049773127638017244,0.011153727318734194,1.1685566433598028e-5,4.414136841864901e-4,0.061224993291927626,0.008048226111411467,2.3392848089548857e-5,0.004869206830817777,0.08624169629634301,0.06302662552005373,0.011537677815386775,0.002837762789511424,0.03374011137854856,7.484109687207236e-4,0.004224983169572941,9.828702199131951e-4,0,0,0
41,male,41_male,0,0.0023726712538392424,0.10546635293081244,1.56545402333559e-4,5.334806780066862e-4,0.04965803342904239,0.012009430855813952,1.3588296808869098e-5,4.7221519403638673e-4,0.061060565888544804,0.008645146955988626,2.6772277331595525e-5,0.005290137102661457,0.08832651826052461,0.06695284937469176,0.011496198451017695,0.002905861032533038,0.03477858064650289,8.298245748938127e-4,0.004388659261118094,0.001067121246626352,0,0,0
42,male,42_male,1474248.778282243,0.0024507098178742468,0.10690407766432958,1.777711986043432e-4,5.773030340776002e-4,0.04954004229516261,0.0130481626129498,1.560463254967772e-5,5.107526870880998e-4,0.060983841461546784,0.009377731109539902,3.0823445074685805e-5,0.005734737084978301,0.09044181138271086,0.0709980063341689,0.011382545296205838,0.0029784897357991967,0.035922179663837435,9.215573844571959e-4,0.004538110501544212,0.001160138811730588,0,0,0
43,male,43_male,0,0.00253819439485657,0.10854719295505295,2.0354313280558832e-4,6.316051082758093e-4,0.0493971064480165,0.014343363361446475,1.7521029081330494e-5,5.604879237606682e-4,0.061045207316158936,0.010299628572283354,3.588612444930727e-5,0.006204498635071596,0.09262434156224587,0.07514298380858554,0.011254704775814164,0.0030461068841028767,0.03717000003662459,0.00102640688677825,0.004689418178086531,0.001263758091136037,0,0,0
44,male,44_male,0,0.002639300958969126,0.11033462332978432,2.3478782132981975e-4,6.971308998282092e-4,0.049219900212952465,0.015920197390410753,1.9353906768693175e-5,6.221964312383626e-4,0.06120212513881935,0.011427095509898294,4.223292920023432e-5,0.00669924912182161,0.09485796217032848,0.07938294042623989,0.0110811332386475,0.003103750110640867,0.03852752842870252,0.0011421909433743777,0.004841404295260305,0.0013761123841948323,0,0,0
45,male,45_male,0,0.002755921811937662,0.11225946370000416,2.7162938792649546e-4,7.736996299033067e-4,0.04904164365713575,0.017771187190656207,2.1350804084216786e-5,6.950753581849569e-4,0.06137876052869838,0.012756244881315413,4.9850705153698845e-5,0.007216202959029632,0.09708566039838706,0.08372645819936214,0.010888548415741165,0.0031604079046793306,0.03996627723158442,0.0012714007799547221,0.0049907717805167204,0.0014987213019102307,0,0,0
46,male,46_male,0,0.0028902919092164245,0.1143144337351398,3.1377478639600464e-4,8.605621765313193e-4,0.04889510267869119,0.01987145734875582,2.38797606384104e-5,7.773504474412216e-4,0.06149856122479668,0.014271339076224087,5.856026802407216e-5,0.007751601734025711,0.09924505954877634,0.08818513455428642,0.010642742829194248,0.003208022610497722,0.04140821476185746,0.001416126703163787,0.005147705258088582,0.0016371062740050935,0,0,0
47,male,47_male,1351646.9651889827,0.0030450628281606315,0.116491749759569,3.6029434791502843e-4,9.561067393866002e-4,0.048812691092955905,0.0221698634769607,2.74883981373276e-5,8.658045460796999e-4,0.06148448989538171,0.0159383616962391,6.793016134433498e-5,0.008300632506678998,0.10126866388890296,0.09277383243279108,0.010383234318343633,0.0032447719742582618,0.04285246698395122,0.0015749369955047857,0.005297306660904039,0.0017873623546355321,0,0,0
48,male,48_male,0,0.003224223070362742,0.1188228758802034,4.11087292708568e-4,0.0010623213963127192,0.048831132103696065,0.024689092854582182,3.290509817432786e-5,9.612764849855515e-4,0.061262821809821365,0.017807268995886517,7.759277417330513e-5,0.008857555335981872,0.10313904284178711,0.09746232667649649,0.010134105281554765,0.0032747647269797064,0.044341048705288565,0.0017476931395403756,0.005456411076252311,0.0019485373110623974,0,0,0
49,male,49_male,0,0.0034306223508763674,0.12132483790153004,4.674579012339648e-4,0.0011830123198680836,0.048928679617083644,0.027517326467578297,4.055230273357303e-5,0.001067604954501885,0.060886385261374784,0.01995587864655246,8.772731303635843e-5,0.0094212435518153375,0.10488813627909624,0.10222622593248937,0.009871670742962524,0.0032951000253088774,0.045903143976528823,0.0019394433224885533,0.005615083586557783,0.002127162401084481,0,0,0
50,male,50_male,0,0.003665624263994891,0.12396581833117894,5.300589728543362e-4,0.0013180735660966762,0.04904993621949769,0.030674898930285566,5.066062833581055e-5,0.0011843922266505926,0.060467166559721466,0.02235928270363919,9.859309205537982e-5,0.009993678303500007,0.10651989011970961,0.10709682421432853,0.009613999526112256,0.0033094297854049754,0.04728678324452899,0.0021476604699629588,0.00579109430205344,0.0023205941361777744,0,0,0
51,male,51_male,0,0.003930595718172505,0.12671106969467308,5.996812823088628e-4,0.0014666967599988661,0.049139103894542735,0.0341784731078221,6.316732660443309e-5,0.001310666269003102,0.06011456911400299,0.024966171012882902,1.106112890755255e-4,0.010577825184236797,0.10803934286808668,0.11211249255992015,0.009374961211130094,0.003317746871099668,0.048659955582225654,0.0023737776964523035,0.005968166389812588,0.0025309395407159337,0,0,0
52,male,52_male,1320468.4299060905,0.0042268067973670565,0.1295225358562034,6.772870897884983e-4,0.0016271386796614998,0.04914003244116524,0.0380392195632246,7.740079941194666e-5,0.0014447383598932997,0.05993562139667711,0.027691511367444906,1.2440473878686767e-4,0.011177698701188501,0.10945254272485397,0.11731917802444712,0.00917049571206729,0.00331876057651368,0.049872575258229745,0.002620902307079913,0.006142897755470904,0.002752183967714241,0,0,0
53,male,53_male,0,0.004559449927246782,0.1324127185182429,7.628144736525879e-4,0.0018008689095661604,0.048999939729299655,0.04236223374119257,9.281479944984649e-5,0.001586544910835735,0.059979020166287256,0.03048914889511554,1.405167430056517e-4,0.011789338163214294,0.11070534977120472,0.12274762964237762,0.008988699190856821,0.003319065281955736,0.05087593973596284,0.0028894419692244897,0.006313133004531488,0.0029885204179160903,0,0,0
54,male,54_male,0,0.0049357490910692,0.13541365045000375,8.564419927701468e-4,0.0019907837634661374,0.048757020935080476,0.0472262227855467,1.1005212075718199e-4,0.0017373568101223052,0.06017274557091784,0.03339530980361612,1.5894398954644436e-4,0.012406617470197227,0.11178400124478953,0.12837191646073137,0.008839670591984553,0.00331971327344603,0.05168836305956027,0.0031799266806958122,0.0064639298725552045,0.0032412186873870255,0,0,0
55,male,55_male,0,0.005360195183847922,0.1385129762309573,9.600705519351611e-4,0.002195917030507731,0.048491047856969116,0.05256617093652962,1.2983963514634353e-4,0.0018967093689179779,0.06044223370300438,0.03642606588308563,1.7956895767221403e-4,0.013031675912578554,0.11275862732499929,0.13415364454805642,0.008735889424500947,0.003320308680275462,0.05232153288424164,0.003490757415179145,0.006611835900069884,0.003510312643241615,0,0,0
56,male,56_male,0,0.005837694674250367,0.1416969944403134,0.0010762862133911182,0.002414476595674446,0.04828030966414891,0.058265290132892375,1.5337766638881187e-4,0.0020639031278039907,0.06071213556901829,0.039606891617652136,2.0208578431509859e-4,0.013667404038708508,0.11370244257628444,0.14004680303076997,0.008673445189836168,0.0033271190361699194,0.052727091366534605,0.0038264494829481363,0.006744517755848916,0.003790638213414325,0,0,0
57,male,57_male,1172990.3971380717,0.006373554847168252,0.14495055042038618,0.0012085513403161268,0.002643691034850501,0.04820186887386527,0.06414393363496139,1.8254973969699132e-4,0.002237980065279901,0.060905841663202114,0.042974025071535304,2.2594558031399713e-4,0.014317482162332702,0.11469130404956038,0.1459973349582947,0.00865181029618902,0.003344739378510364,0.05297159436241712,0.004190308407474827,0.006870325881237883,0.004095915654510359,0,0,0
58,male,58_male,0,0.006989153801532047,0.1482367758903956,0.0013626538648229924,0.0028859729669070545,0.04825545146927779,0.07021409145248605,2.1990008862761152e-4,0.0024146620207127364,0.061009117681382466,0.04646650543531901,2.506672955826221e-4,0.014988749926422809,0.11571530345469296,0.15207331752073747,0.008675944235227252,0.0033756405087778827,0.0528445811399261,0.004584402780196656,0.006961394692086856,0.004415244644033137,0,0,0
59,male,59_male,0,0.007699675626237893,0.15156688319690667,0.001541086244220588,0.0031430943791575074,0.04838937858936941,0.07655523168789186,2.669823156899088e-4,0.002592718100385598,0.06107265801586042,0.050035238695474986,2.764307911629058e-4,0.015677555315490473,0.11672311063589881,0.15830294235895237,0.008747026762629131,0.003419374138648399,0.052594111962874474,0.004999619488417283,0.0070145524123220275,0.004751400822551248,0,0,0
60,male,60_male,0,0.00849749293493497,0.15500054819206593,0.0017417412840485895,0.0034090732478470227,0.04860376095457913,0.08300151315776838,3.2449740627581256e-4,0.002776647738932461,0.06111661636792581,0.05376269583220041,3.0358257631258565e-4,0.016370822447356007,0.11773084461015447,0.1645507219474533,0.008873498009464336,0.0034830440132076965,0.052274591058938336,0.005450986271943374,0.0070375819503733904,0.005112181734108298,0,0,0
61,male,61_male,0,0.009367966617219975,0.15860285132972937,0.001959972712833579,0.0036758614637832517,0.04889910279006642,0.08933801960848185,3.9216636713070095e-4,0.0029724909341950017,0.06116124330627352,0.05775935168354664,3.326409558600834e-4,0.017053241691966255,0.1187551972258537,0.170660258236754,0.00904540047025761,0.0035618842306007537,0.05204313000781832,0.0059451828074792625,0.00699365488356159,0.005477043776916149,0,0,0
62,male,62_male,935088.7971447201,0.010287304269758359,0.16244482366526233,0.002187864633578982,0.003933290059142899,0.04927630130869368,0.0953025333572141,4.6807837731850833e-4,0.0031880291574210014,0.06122685494685427,0.06216800146860142,3.643257082749904e-4,0.017707316603632898,0.11981344502886605,0.17645491903357896,0.00925741225137565,0.0036696009297328275,0.051802150095982054,0.006473982610369142,0.0068949523035845,0.005853251800228244,0,0,0
63,male,63_male,0,0.011243422734903807,0.16658021866272335,0.0024178446775103097,0.004174572064710669,0.04977690494312224,0.10063276932554474,5.506760018827649e-4,0.00342512575657744,0.061305298931958074,0.06703997723775709,3.989299485164552e-4,0.01832928845049667,0.12093218629479438,0.1818691564222554,0.009513851571670534,0.0038012606460363614,0.051526539976910965,0.007047494124267774,0.006739817251687532,0.006243064107764892,0,0,0
64,male,64_male,0,0.012253471323237048,0.17098241682307666,0.0026518215649407916,0.004399874980977554,0.05040499503911523,0.10529849570001638,6.414516100262771e-4,0.003680765059469004,0.06138304295424604,0.07233443446021244,4.36172563610335e-4,0.01892381954955121,0.12210138790735582,0.18695780661705336,0.009806952709597173,0.003963745607838991,0.05147762833227127,0.007659029644698192,0.006510204004238405,0.006659592457109837,0,0,0
65,male,65_male,0,0.013332909134554982,0.17560288470151478,0.0028951290163989215,0.004608540705401182,0.05110408245069372,0.1093903748973016,7.420129762000826e-4,0.003957138644654529,0.06147244536295626,0.07808579840412154,4.760566861718608e-4,0.019484344133787784,0.12328276440075703,0.19171438709121313,0.01014362578688913,0.0041530424526815355,0.051591942691913154,0.008312284848072582,0.006224885701872803,0.007095088048236723,0,0,0
66,male,66_male,0,0.014502317827962035,0.1803871965434084,0.0031557242369757844,0.004800688951677149,0.05181486579634323,0.11304118287447432,8.549261997709369e-4,0.004256770957689509,0.061585940881112335,0.08433079708912518,5.185389207569191e-4,0.020004147497407872,0.12443653665046722,0.19613704864445475,0.010511184386335989,0.004371633036156006,0.05194021569061196,0.009032677564877654,0.005884374211368238,0.0075362704428094986,0,0,0
67,male,67_male,718075.2063971555,0.015788401939777846,0.1852743672902886,0.0034445892571423665,0.004977177031429899,0.05247474728731632,0.11641832657518117,9.840223267022564e-4,0.0045825730860782005,0.06173607670729827,0.09110852025405498,5.635210678507027e-4,0.0204764671982547,0.1255214576180109,0.2002283995264553,0.010919914626475114,0.004617230275560142,0.05245047835525525,0.009803952421994961,0.0055001259376222175,0.008017358707946,0,0,0
68,male,68_male,0,0.017190220637942382,0.19031675323246783,0.00376033083485857,0.005126998167342167,0.05308231121856814,0.11929302797570601,0.0011309092066028377,0.004940649865125622,0.061933767218735045,0.0985276906921514,6.104238727485419e-4,0.02089896260776881,0.12654433477400626,0.2039781956547243,0.011370061808095952,0.00489715837614377,0.05330670690699013,0.010620501341364184,0.0050791181472980475,0.008497326385628607,0,0,0
69,male,69_male,0,0.018702782548314735,0.19556732149796288,0.004097305703344229,0.005244799638740208,0.053678350384719326,0.1214693939918367,0.001295201103517294,0.005334022113686953,0.0621711307514548,0.10666039047408311,6.592086876425087e-4,0.02126996801363172,0.12753076603030375,0.20734281580292085,0.01187074089140843,0.005198856383510511,0.05449580966622038,0.011495441488113444,0.004636640077096962,0.009010992847869406,0,0,0
70,male,70_male,0,0.020357811859269163,0.20095481382557584,0.004464676200378492,0.005341811365626855,0.05426114138207449,0.12321222435961356,0.0014792870585394176,0.005760343941998519,0.06243251482546052,0.11547600786818979,7.107301244187646e-4,0.02158392215855637,0.12846638602752883,0.21027857937252586,0.0124285445742244,0.005524485490923514,0.05592949990332048,0.012410197667138198,0.0041833967848168875,0.009549683619267894,0,0,0
71,male,71_male,0,0.022195997564040545,0.20639951471946666,0.004874571451342437,0.0054306315683999235,0.05482891784894626,0.1248110106571753,0.0016861360081062038,0.006215723674866954,0.06270204151386179,0.12491720329227549,7.661207809012586e-4,0.021835559738633537,0.12933649042427875,0.2127431040362384,0.013044643532876465,0.00586284622051461,0.05780628240994404,0.013399417628037162,0.003731915193896187,0.010112199269401639,0,0,0
72,male,72_male,514571.3353489542,0.02426920456313741,0.2118128645120633,0.0053428548526056755,0.005524875785473799,0.055379874539967816,0.12657303929806904,0.001919449755682505,0.0066943971779003,0.06296356629680251,0.13489405638234203,8.268387255570132e-4,0.022020021503495395,0.13012609988113222,0.2146960148344281,0.013710560099689783,0.006213127102770333,0.06015786811714936,0.014419714177574707,0.0032912118092081294,0.010694293248291405,0,0,0
73,male,73_male,0,0.026624128522814417,0.2171437510495491,0.0058832597256238154,0.005621585371169372,0.0558887951753233,0.12848134786204218,0.00217880709200363,0.00719818290148609,0.06321757930071802,0.14544240142253897,8.933503575528759e-4,0.02212909457188355,0.13080509458692166,0.21609514348016434,0.014471701423789275,0.006564024008638276,0.06303651701004942,0.015475728207337959,0.0028801934416372156,0.011298486734473374,0,0,0
74,male,74_male,0,0.029281175684117592,0.22243860534415943,0.006499999427802684,0.005711108213892279,0.056355240614179014,0.13032613048404987,0.0024649377764581963,0.00773288167380521,0.06347489344897556,0.15666962510744467,9.65354243277688e-4,0.022163382370093847,0.1313808225588213,0.216944918676379,0.015302238599237503,0.006904694936941805,0.06639035902096975,0.01655467316095491,0.002494100567400598,0.011950156009820839,0,0,0
75,male,75_male,0,0.03226207862893056,0.22775289798088597,0.007197528528731917,0.005797979348614972,0.056815552732210256,0.13213973119772213,0.002785912422919358,0.008296486981856087,0.06373463362025614,0.1685554244044211,0.0010435082858305897,0.02213223874395391,0.13189510347894579,0.21728045617477706,0.016239247793696055,0.00723510274233145,0.07021712448571507,0.017651644593460067,0.002147013397259686,0.01263194422405999,0,0,0
76,male,76_male,0,0.035586426658741656,0.23314799005230877,0.007979071908301957,0.005887040781576875,0.05730732225654164,0.1339565021368191,0.0031530615491925304,0.00888605077720972,0.06399591023171838,0.18106455454920675,0.0011285733780360837,0.022045603456234523,0.13239057107148866,0.2171409863648047,0.017281690711351674,0.007542434576525094,0.07475470042600285,0.01876532497282902,0.0018360923921475047,0.013337417186774565,0,0,0
77,male,77_male,362285.1274425149,0.03927010782648286,0.23869127853402272,0.008845948333968262,0.005983439981195399,0.0578694738730114,0.1358127678136124,0.003582037239154709,0.0094975661585135,0.06425781895887701,0.1941447011822398,0.0012214306637070447,0.0219137346553058,0.1329105427986027,0.21656893555124096,0.01844522190930773,0.007817563085060092,0.07979928773641266,0.01987011047641838,0.0015695960333399288,0.014089634074007228,0,0,0
78,male,78_male,0,0.043397738687696696,0.24440179303769888,0.009811852008748618,0.0060868218156709146,0.05849113263582907,0.13772633299185005,0.004094412664186535,0.01013024027591047,0.06451328103277834,0.20781985793151833,0.0013249403502114232,0.021725506565892273,0.13343978087561315,0.21547704868679046,0.019768672313814496,0.008077095642745346,0.08534069739265374,0.02092041110557294,0.0013383000592064507,0.014883999270772014,0,0,0
79,male,79_male,0,0.048050851115329564,0.2502379210884216,0.010896559611415032,0.006193978874701746,0.059148066279985013,0.13967359510089697,0.004701439815090157,0.010785646476819373,0.06476282561789425,0.2221291399786463,0.0014403190945344775,0.02147610804160693,0.13394911526722306,0.21384587311179748,0.021242492110153652,0.00832161109655929,0.09179521629642505,0.022006922961195864,0.0011381519666093139,0.015721953971464787,0,0,0
80,male,80_male,0,0.053223278031009534,0.2561792683218636,0.012107997554981702,0.006306087213166426,0.05986104313412808,0.14162921234083398,0.00540382270943817,0.011462234323538056,0.06501707439294477,0.23701673256326236,0.0015654202030216076,0.021185142508510075,0.13446174446406634,0.2118213814528178,0.022902175838777853,0.008563574423198066,0.09915961368646334,0.02301972295438334,9.740564088271148e-4,0.016639009027786228,0,0,0
81,male,81_male,0,0.058885216678506803,0.2622033183268243,0.01345279307285792,0.006424406118423419,0.060651899682904395,0.1435664053881921,0.006195201461535288,0.012158127705486044,0.06528681760648018,0.25240935606371256,0.0016970237311654949,0.02087157994503468,0.13500122759401845,0.20954719689959062,0.024723083157109152,0.008796758451223035,0.10750188881024089,0.023988685747364,8.417940313883021e-4,0.017593669334449842,0,0,0
82,male,82_male,229436.90227454304,0.06497594912148372,0.26828534786964037,0.01493559428593404,0.0065502881079372,0.06154377346593924,0.1454569677857911,0.0070590635913781894,0.012871112505190298,0.0655830308239837,0.2682148700201299,0.0018306469734919464,0.0205534804023235,0.13559151088977958,0.2071624896011263,0.02675048005577972,0.009043086107148227,0.1168769553990783,0.024962158526025575,7.326213021984732e-4,0.018615421044233638,0,0,0
83,male,83_male,0,0.07154937907332341,0.2744755059835594,0.016585438923833705,0.006707192068345803,0.06255640730832694,0.14759170116006265,0.007993541065707517,0.01360427695233799,0.06591531664317958,0.2844776504024976,0.001968498776573877,0.02022856481618842,0.136246101444699,0.20464447195325172,0.02897245917358278,0.009328291897127979,0.12752184740116232,0.025778315969702946,6.451898076887537e-4,0.019684029652993842,0,0,0
84,male,84_male,0,0.07870595750727526,0.28079149783804425,0.018429662512440034,0.006896460436447316,0.06368130916226168,0.1499989481753101,0.00901701910951712,0.014356868908969336,0.06627693778296684,0.30120997977912733,0.0021133086485010675,0.01988638134321402,0.13694998492723945,0.20191372030218632,0.03137427789523212,0.009680184982638573,0.13960281284005602,0.0265906305554046,5.7654595853714e-4,0.02084007410676285,0,0,0
85,male,85_male,0,0.08640921620895839,0.2871528177924146,0.020462419590309387,0.0070838463768588215,0.06489961263195682,0.1522360028523507,0.01013383264505153,0.015119306103231388,0.0666543204750118,0.3182299571884315,0.0022592105742338026,0.019531794232312043,0.13768439500553142,0.1990191768211795,0.03394160632948799,0.010094774290715213,0.1534560984983642,0.027353584416124604,5.23512353887623e-4,0.022048368137802143,0,0,0
86,male,86_male,0,0.09459440881273334,0.2934715667956735,0.02266778153443834,0.007231387139784688,0.06619109932676376,0.15383438929471863,0.011348193137960878,0.015880157361923084,0.06703359367188094,0.33531876455224713,0.0023987515102776146,0.01916941652983558,0.13843018087027506,0.19600794079552253,0.03667151901064246,0.010619174560087702,0.16960250780218727,0.02806194081320424,4.8017617455849555e-4,0.023341198414633828,0,0,0
87,male,87_male,121730.70418085334,0.1031634915546179,0.2996524608798841,0.02501708585326909,0.007298538403768203,0.06753390803690881,0.15431225170782897,0.012664185313167509,0.0166261434412814,0.06740057063108364,0.3522202675763565,0.0025230005450913996,0.0188035875441746,0.13916777785078766,0.1929249590282574,0.039568327614636974,0.011290880664365083,0.18807661135340054,0.028711820466326664,4.485823811184928e-4,0.024728542489974692,0,0,0
88,male,88_male,0,0.11218969213773003,0.3055129371623047,0.027529628613263447,0.007306209816203287,0.06881667202355612,0.15417022242193001,0.014112343707262241,0.01734541802568349,0.0677415755975534,0.368656128145828,0.002631097070586722,0.018435244725883728,0.13988903550387036,0.18973926404682726,0.042594292183468496,0.012136625130470972,0.20910828990414837,0.029299990806412504,4.2763858381943864e-4,0.026216411004522294,0,0,0
89,male,89_male,0,0.12173386897119143,0.31108896148757714,0.03023600627289778,0.007303044624842072,0.07005244957907752,0.1537155105657874,0.015702019790130764,0.018038173925127157,0.06806574962518827,0.3846060741557913,0.0027251975939125996,0.0180624644612398,0.14060693168027927,0.18643286560761765,0.04570279512012125,0.013191947994663882,0.2336908602305855,0.029839720141694406,4.139173726569441e-4,0.027819524620447927,0,0,0
90,male,90_male,0,0.13160871405204633,0.3166221048859883,0.033103090691216176,0.007289936594139001,0.07141407501975426,0.1521909026486444,0.017391445448275242,0.01870900970962845,0.0683932000286343,0.40020450645345335,0.0027997861281855063,0.017685122041232168,0.14133346441640607,0.18306577352469824,0.04890164842923447,0.014537679793577354,0.26266566952106657,0.03018838935088352,4.08852056565915e-4,0.029508256473479107,0,0,0
91,male,91_male,0,0.14156497770693752,0.322372430452519,0.03608214157860384,0.0072678162670130305,0.07308833821559023,0.14888474700537854,0.01911740395355224,0.01936401191420372,0.06874442869813867,0.4156258520819895,0.0028493223764744255,0.017303148032076894,0.1420808812781376,0.17969425809090556,0.05203293542137132,0.016199960046619416,0.2959954308338544,0.030650377272611745,4.0824598075146995e-4,0.03137246158097601,0,0,0
92,male,92_male,51225.580217364506,0.15128928474858672,0.3286192367314425,0.03910707339144417,0.007237639215985197,0.07528164428664537,0.1431986556074714,0.020793353222476788,0.0200106903674326,0.06914037274743207,0.4310835612592998,0.002868615405865124,0.01691652837474561,0.1428616921025825,0.17637074862300603,0.055159049509069455,0.018244440844240956,0.3340033061342953,0.03100730887970663,4.1505529127317366e-4,0.03332378224678996,0,0,0
93,male,93_male,0,0.1602797381875801,0.3354735601762381,0.04206465965520331,0.007089038225973489,0.07818643567898542,0.13467365882871207,0.022301444437576968,0.02063084269677381,0.06959353766810704,0.4462296361215378,0.002870732790854381,0.016521084728979802,0.14368497133614488,0.1730762867645951,0.05837137089877775,0.020754347663587622,0.3783159409635788,0.03132833704039889,4.277187680447515e-4,0.03544007978584085,0,0,0
94,male,94_male,0,0.1684916504313772,0.34277955274553434,0.04494058902415708,0.0067721319710453125,0.08174472589355392,0.12425777113842792,0.023633503314891363,0.02121303337588519,0.07009109975277773,0.46079137283643096,0.002872004438296051,0.01611826807201897,0.14454316034268394,0.16977950648812562,0.06160268637950682,0.023786874011492678,0.43103994191273215,0.03165885938750003,4.462413254188471e-4,0.037717835690113485,0,0,0
95,male,95_male,0,0.17634048590007873,0.35042502676344084,0.047827728080661706,0.006377672250194734,0.08579010826491121,0.11340181133654781,0.024873915707353884,0.021778127318586683,0.07061607207508559,0.47517073577032587,0.00287265323235252,0.01571601648355825,0.14542381823632392,0.16650974004781618,0.06483960654975278,0.027438530158825296,0.49257563006424754,0.031915889623389815,4.7008616875030094e-4,0.04007069545405552,0,0,0
96,male,96_male,0,0.18435042964460382,0.3582871412989317,0.05085113433339652,0.0059847863835504,0.09012120224719289,0.10321202687401584,0.026134575367828483,0.02234967833643212,0.07115098552130493,0.48982944360230296,0.0028729027792763566,0.015321548070108233,0.1463142042475799,0.16329417325837342,0.06809848952697803,0.0319449411406439,0.5638353188645885,0.032170810389842264,4.96398575970133e-4,0.042678010234530064,0,0,0
97,male,97_male,17417.529474231294,0.19315205393213605,0.36623136021104885,0.054170361490168246,0.0056563433685929004,0.09449137395318438,0.09445236918686539,0.027553467857814495,0.022953876823451798,0.07167784207263048,0.5052896228146708,0.0028729770093228637,0.014941378856645796,0.14720126346351936,0.1601579107028746,0.071372012501104,0.037302484489735416,0.646490133068553,0.03234828181696867,5.220215949089202e-4,0.0455078178792212,0,0,0
98,male,98_male,0,0.20282316846170617,0.3742553690750376,0.05781799366561717,0.005384229118960802,0.09888553724963664,0.08690957757460505,0.029149198230923275,0.02359254769638623,0.0721964034325617,0.5215982944151243,0.002873038255395649,0.014574932940152054,0.14808486960069378,0.15709876175906537,0.07457466072627711,0.043519407967004604,0.7428007020673236,0.03255582090041374,5.579545688446878e-4,0.04856659294730192,0,0,0
99,male,99_male,0,0.21297851525461492,0.38245518133885614,0.06171124392670107,0.005125205687906659,0.1034840437603749,0.07996913935798503,0.030837343665424764,0.024248989009019017,0.07271871638261113,0.5384333428841347,0.002873099502774077,0.01421747432068112,0.1489737797671087,0.1540980450976163,0.07826763764654267,0.05097067430674933,0.8504438383470397,0.03281785764437703,5.924575227058105e-4,0.05163575643882981,0,0,0
100,male,100_male,0,0.2236423397981989,0.3908346487972762,0.06586665128861922,0.004878643304915786,0.10829639612478853,0.07358295170825299,0.032623256283279,0.02492369520777079,0.07324480806407674,0.5558117575028977,0.0028731607514581783,0.013868782579600551,0.14986802580130063,0.15115464461346537,0,0,0,0,0,0,0,0,0
