sex,age,inc_num_diff_ishd,inc_num_diff_copd,inc_num_diff_dmt2,mx_num_diff_ishd,mx_num_diff_copd,mx_num_diff_dmt2,incidence_disease_sc_ishd,incidence_disease_sc_copd,incidence_disease_sc_dmt2,incidence_disease_bl_ishd,incidence_disease_bl_copd,incidence_disease_bl_dmt2,mx_sc_ishd,mx_sc_copd,mx_sc_dmt2,mx_bl_ishd,mx_bl_copd,mx_bl_dmt2,px_sc_ishd,px_sc_copd,px_sc_dmt2,px_bl_ishd,px_bl_copd,px_bl_dmt2,Lx_sc,ex_sc,Lwx_sc,ewx_sc,Lx_bl,ex_bl,Lwx_bl,ewx_bl,Lx_diff,Lwx_diff,ex_diff,ewx_diff
female,52,-43.64798646984286,0,-302.63027267213965,0,0,0,0.0011923255916949226,0.00201647804835501,0.0052262931006009546,0.00122134870596076,0.00201647804835501,0.00542752284094954,0,0,0,0,0,0,0,0,0,0,0,0,1503904.3043433856,33.960809048089075,1250188.3728498565,26.247792560694016,1503904.3043433856,33.919641462792846,1250188.3728498565,26.219875522330597,0,0,0.04116758529622899,0.027917038363419522
female,53,-47.509510883993016,0.0011942463729610608,-306.3270648392263,-0.7212285700954091,3.2052674860949537e-6,-0.3656008618272253,0.0013044235666009381,0.00220512677916872,0.005361198681132838,0.00133617532508722,0.00220512677916872,0.00556762273692058,1.9766312918320585e-5,5.906489921006025e-6,6.3478865047240065e-6,2.024717430065427e-5,5.906489921006025e-6,6.591640544592498e-6,0.0011821651442188133,0.0020114542352326842,0.005209563390340738,0.0012109235999633098,0.0020114542352326842,0.005409605689005708,1499890.7878687424,33.04702575696205,1244459.1364159405,25.483057729261258,1499890.245199995,33.005752097311444,1244458.6861637714,25.455068758531663,0.5426687472499907,0.45025216904468834,0.041273659650606476,0.027988970729595053
female,54,-51.6528093199895,0.005379311714477808,-309.56443196841974,-1.5753601638679413,2.7595745493158574e-5,-0.7542104234810196,0.001426021560977352,0.00240429053139716,0.005493517213781745,0.00146073320937111,0.00240429053139716,0.00570503597502433,4.332904068537067e-5,1.228214489298978e-5,1.3169993548171583e-5,4.438245692018052e-5,1.228214489298978e-5,1.367430970237695e-5,0.0024535884981450504,0.004200622521928136,0.010519070611177824,0.002513238467847275,0.004200622521928136,0.010921871999055996,1495572.0551050836,32.13735588922661,1238570.7137322237,24.722931519972995,1495569.8082869803,32.09599129933023,1238568.8530107075,24.69488306430656,2.246818103361875,1.8607215161900967,0.04136458989638214,0.02804845566643621
female,55,-56.13818469298667,0.013710878001347737,-312.4253148853586,-2.580106121624439,1.019333069507411e-4,-1.1737215191922417,0.001559156197564521,0.00261548929084874,0.005624804142451169,0.00159710855621169,0.00261548929084874,0.0058413778889498,7.12392706141301e-5,1.9316939853978182e-5,2.061915859006708e-5,7.297008397332772e-5,1.9316939853978182e-5,2.1406484823102737e-5,0.0038193917055605276,0.006576260362004217,0.015923594461512428,0.003912182716874004,0.006576260362004217,0.016531616673565844,1490912.4445984443,31.232278178479405,1232423.6513027751,23.967707427996793,1490907.16771154,31.190838847256682,1232419.2893026795,23.93961275440658,5.276886904379353,4.362000095658004,0.041439331222722586,0.028094673590214114
female,56,-60.93986494057299,0.02764959199248551,-314.6332441365448,-3.752734921867983,2.6739553776167213e-4,-1.6327108429407033,0.0017035562319237185,0.00284118473330676,0.005750141239170643,0.00174502351864623,0.00284118473330676,0.00597154088252263,1.0405494161743178e-4,2.7225357312164812e-5,2.8865671000659647e-5,1.06581245749288e-4,2.7225357312164812e-5,2.996468739318302e-5,0.005286077354790887,0.009148234896266122,0.021419614957518866,0.005414407766164533,0.009148234896266122,0.022235120325371845,1485878.7858746725,30.33218163209841,1225919.0019471443,23.21765350244875,1485868.964312564,30.29068512644074,1225910.8987022955,23.189526934809052,9.821562108350918,8.103244848782197,0.0414965056576726,0.028126567639699118
female,57,-66.06456226073442,0.04901809584953298,-315.94070620921957,-5.112178824415395,5.843840117663035e-4,-2.140332350844126,0.001859902435954018,0.00308238029967447,0.005864757316194312,0.001905175439652,0.00308238029967447,0.00609057006133284,1.424023639740019e-4,3.6309187268066255e-5,3.8096386285998843e-5,1.4585709316337545e-4,3.6309187268066255e-5,3.9542554869633776e-5,0.006859242522536379,0.011928395025702128,0.026998674646128783,0.0070256362840100395,0.011928395025702128,0.028023543061312002,1480442.0446098347,29.43734141987643,1218959.8058262952,22.472996177217556,1480425.9499501705,29.39580701884823,1218946.553876791,22.44485332732257,16.09465966420248,13.25194950425066,0.04153440102819772,0.028142849894987165
female,58,-71.46752408841076,0.08005688774574082,-315.95099616090556,-6.673786953894194,0.0011415166421784306,-2.7053667979434834,0.0020274839096821873,0.00333979254389614,0.0059606566350136805,0.002076836114812,0.00333979254389614,0.00619016182423335,1.8683386246585835e-4,4.691055537122009e-5,4.849874668665839e-5,1.9136291653971393e-4,4.691055537122009e-5,5.0334249184005694e-5,0.008544433320055191,0.014928988382485946,0.03264765092551694,0.008751537445686377,0.014928988382485946,0.033883212883040574,1474578.0135474014,28.54788992377945,1211593.916018628,21.73390080175696,1474553.6796499845,28.50633900681204,1211573.9219580952,21.705758833610737,24.333897416945547,19.994060532888398,0.041550916967409535,0.028141968146222496
female,59,-77.14396980514857,0.1236159462841897,-314.49230496247947,-8.452371974621997,0.0020676599359177317,-3.338262858509097,0.0022067624350498014,0.00361799669324258,0.006033488410565205,0.00226047856657975,0.00361799669324258,0.00626579786640392,2.3791539376435527e-4,5.941724110710326e-5,6.0298295997122176e-5,2.4367788916242208e-4,5.941724110710326e-5,6.257339462554767e-5,0.010345862582540917,0.018162304223749835,0.038345806380025146,0.010596413661535168,0.018162304223749835,0.039792572980944525,1468261.7745276587,27.66383651416372,1203852.2793994544,21.000393139540897,1468226.9755383856,27.62229281607647,1203823.7471286536,20.97227092940177,34.79898927314207,28.532270800787956,0.041543698087249226,0.02812221013912719
female,60,-83.09628494122626,0.1831340088183424,-311.1690729917118,-10.47091436412694,0.0035489833974935436,-4.047590131724661,0.0023984938705195824,0.00391809704755909,0.0060741681359221525,0.00245687705222337,0.00391809704755909,0.00630804389705861,2.9647892816890955e-4,7.428598848927107e-5,7.369675070246851e-5,3.036535498587698e-4,7.428598848927107e-5,7.646880324561149e-5,0.012267542828888419,0.02164436125064667,0.044068475154102005,0.012564361000724845,0.02164436125064667,0.045726013076225064,1461459.8154878477,26.785274284683,1195607.2291476817,20.272527419982087,1461412.0408876888,26.743763836113803,1195568.1451737576,20.24444549864389,47.7746001589112,39.08397392416373,0.041510448569194835,0.028081921338195315
female,61,-89.33173171652697,0.2628790827875491,-305.91698617419934,-12.74039844814331,0.005858487482100827,-4.83966059360867,0.0026036936019998846,0.00424332026604821,0.006079435006460308,0.00266707167377024,0.00424332026604821,0.00631351355970399,3.630635461632566e-4,9.21648983143014e-5,8.886530902772535e-5,3.718413516577743e-4,9.21648983143014e-5,9.21975659054261e-5,0.014313280865281122,0.025391350774143662,0.04978273440819109,0.014659263710647468,0.025391350774143662,0.05164938838466052,1454125.9379014936,25.912462570635387,1186718.8656672356,19.550551083185674,1454062.3726224205,25.87101356530439,1186666.9897506377,19.522531531925303,63.56527907308191,51.87591659789905,0.04144900533099616,0.028019551260371145
female,62,-95.83998294685352,0.3681571381894173,-298.545820380672,-15.28417672199339,0.009372564581553888,-5.721438478979621,0.002823015062070151,0.00459815740856261,0.006043226016932864,0.00289173176939518,0.00459815740856261,0.00627591040314063,4.386150385694463e-4,1.1361606530660837e-4,1.0599910669904974e-4,4.4920918570971773e-4,1.1361606530660837e-4,1.0996157236542014e-4,0.01648724643407225,0.02942143816829685,0.055453199347293106,0.016885376449849412,0.02942143816829685,0.05752603491040703,1446197.9118204385,25.045860206514494,1177032.2724755541,18.834931199966306,1446115.4185167295,25.00450248217183,1176965.1327846895,18.806997259719473,82.49330370896496,67.13969086459838,0.041357724342663715,0.02793394024683238
female,63,-102.55076046365593,0.5057814912606773,-288.7465920344903,-18.12361813193297,0.01462855138862551,-6.697104563051653,0.0030554897868488255,0.00498996531767496,0.005956536572562012,0.00312986530125488,0.00498996531767496,0.00618588312561616,5.240977602943832e-4,1.3945135485299897e-4,1.252559857917739e-4,5.367438198050367e-4,1.3945135485299897e-4,1.2992401094113698e-4,0.018793175260184074,0.0337559739412229,0.06103945912791349,0.01924650824950257,0.0337559739412229,0.06331411613660043,1437595.8728191946,24.186164035378344,1166493.7656167308,18.126384869866037,1437490.9720715177,24.144928654875446,1166408.6470723005,18.09856063501789,104.90074767684564,85.11854443023913,0.0412353805028971,0.027824234848147
female,64,-109.49191725084438,0.6837576550769882,-276.47938253662505,-21.27929750390797,0.022368966557166914,-7.766134479061208,0.003303190776458772,0.00542219014422306,0.005815234561349068,0.00338359572961485,0.00542219014422306,0.00603914051501857,6.205424882708092e-4,1.705701586337197e-4,1.4671977118939909e-4,6.354999167669781e-4,1.705701586337197e-4,1.5217133998691724e-4,0.021232786321452736,0.038421838563407744,0.06649352023105666,0.02174440220881462,0.038421838563407744,0.06896398034302706,1428229.3539752173,23.334272250247512,1155099.2677492911,17.42577141937252,1428098.2116538621,23.29319098105002,1154993.2046726944,17.398081454874127,131.14232135517523,106.0630765967071,0.04108126919749111,0.027689964498392783
female,65,-116.61878495386009,0.9123503629489278,-261.93019956260196,-24.79104429732388,0.033608995194470026,-8.92762669121089,0.0035662210807753413,0.00590252424139645,0.005619674389040095,0.00365302861274943,0.00590252424139645,0.00583605062289887,7.296521527603625e-4,2.0798907406265486e-4,1.7048023230722823e-4,7.472203281181917e-4,2.0798907406265486e-4,1.7679627874540334e-4,0.023808660752085924,0.043447386370667536,0.07176459548528377,0.024381683418527426,0.043447386370667536,0.07442312695039005,1418006.5527021892,22.49103912325827,1142756.0276558262,16.733867264790092,1417844.9625064256,22.450144198538286,1142625.8038780396,16.706336406084674,161.59019576362334,130.22377778659575,0.04089492471998213,0.027530858705418382
female,66,-123.9206191994972,1.2025373270807904,-245.45696918510293,-28.68750832141086,0.04971597371667258,-10.177603970127336,0.003845868100693241,0.00642980557462169,0.0053740460012217705,0.00393948268895272,0.00642980557462169,0.00558096472174337,8.529439825579482e-4,2.528347970050859e-4,1.965825027128922e-4,8.734575389683287e-4,2.528347970050859e-4,2.0384537424243622e-4,0.02652163518362414,0.0488661900343851,0.07680326248541684,0.027159190551846676,0.0488661900343851,0.07964051210771744,1406838.4529765244,21.657197496313323,1129374.3548761925,16.051370219401043,1406641.8187540774,21.616521810152484,1129216.501891969,16.024023685604178,196.63422244694084,157.8529842235148,0.04067568616083861,0.027346533796865913
female,67,-131.40671675870635,1.5691335253686702,-227.18141341854243,-33.021717709670156,0.07256506729169132,-11.505803565477095,0.004144261684717556,0.0070134065627349,0.005077708390734907,0.00424513965065311,0.0070134065627349,0.00527321712347627,9.928272725366213e-4,3.065932393514012e-4,2.2496280339138813e-4,0.0010166773577000464,3.065932393514012e-4,2.3325238917544692e-4,0.029372151618002926,0.0547082714845058,0.08156490403704085,0.030077358256323874,0.0547082714845058,0.08457010432700701,1394642.6857637954,20.83331700622365,1114870.857855818,15.378871126182807,1394406.0038739885,20.792894154523463,1114681.6554570808,15.351734510171083,236.6818898068741,189.20239873719402,0.04042285170018545,0.027136616011723902
female,68,-139.05873036136654,2.0291431446385104,-207.60144233980645,-37.83509822698329,0.10459917417483666,-12.907260361556723,0.00446293075840076,0.00765867329306517,0.0047386160697302235,0.00457156563989941,0.00765867329306517,0.0049210686155344,0.0011515838158418338,3.7070658145848547e-4,2.5567125445542094e-4,0.0011792147721374393,3.7070658145848547e-4,2.6506939308004935e-4,0.03236013948559747,0.06100953485469357,0.08600516834019509,0.03313609703342267,0.06100953485469357,0.08916617613533845,1381342.975745611,20.01975267086741,1099084.2635678574,14.716819449675368,1381060.8141131864,19.979617380658294,1098859.7578401521,14.689918986244662,282.1616324244533,224.5057277053129,0.04013529020911477,0.026900463430706623
female,69,-146.87780169447706,2.602287876394257,-187.36239094187113,-43.17801554779862,0.14903106158499213,-14.362752438335121,0.004804344323790049,0.0083702601099566,0.004369052313088898,0.00492128975820245,0.0083702601099566,0.00453727541990837,0.001332034074700541,4.4685430195613447e-4,2.884908392125843e-4,0.0013639561384832394,4.4685430195613447e-4,2.9907167652586065e-4,0.03548458443562407,0.06780765429623041,0.09008753498321108,0.03633435229161349,0.06780765429623041,0.09339112710954428,1366857.4482638997,19.216743310329154,1081966.1344988267,14.065661133753867,1366523.9367346773,19.1769315858096,1081702.1360983045,14.039023768370233,333.5115292223636,263.99840052216314,0.03981172451955217,0.026637365383633593
female,70,-154.89981325135432,3.312886974257708,-166.90372301903426,-49.12483577376497,0.21006992303443894,-15.867958519739489,0.005172589125905393,0.00915681942263484,0.003977700346946718,0.00529849822850041,0.00915681942263484,0.00413085509594243,0.0015380996208553463,5.37003968026413e-4,3.235179888367527e-4,0.0015749150592858782,5.37003968026413e-4,3.3535965904349786e-4,0.038743874897808867,0.07514087029357026,0.09378716050252009,0.039670459826830616,0.07514087029357026,0.09721944896091997,1351088.754689774,18.424670081239785,1063604.1679303283,13.425949543086995,1350697.5659173587,18.3852187425464,1063296.2162821896,13.399602591273974,391.1887724152766,307.9516481386963,0.03945133869338591,0.02634695181302149
female,71,-163.12586081692461,4.182931167762945,-146.76271545369673,-55.74854155587036,0.2933089914595257,-17.41554824765643,0.005571253351062798,0.0100109945796735,0.0035765062037279413,0.00570686657931027,0.0100109945796735,0.00371421363820928,0.0017741499243323505,6.436756088995221e-4,3.6081983980206466e-4,0.0018165634535197523,6.436756088995221e-4,3.740035062595665e-4,0.042136203005887336,0.08305102832163205,0.09708697521479039,0.043142557103577985,0.08305102832163205,0.10063367388444677,1333921.3015679317,17.644067127400678,1044080.6162962791,12.798244654942778,1333465.6232924087,17.605013822529802,1043723.9499365909,12.772215813218846,455.6782755230088,356.66635968827177,0.039053304870876104,0.026028841723931606
female,72,-171.438376381313,5.240787620752599,-127.5693577555121,-63.08251778613112,0.4058858759243549,-18.987580506181416,0.006000519452581741,0.01093755363228289,0.0031808642258034955,0.00614658170515748,0.01093755363228289,0.00330333812267869,0.002043896785383222,7.695201285471757e-4,4.002794960490874e-4,0.002092699610658796,7.695201285471757e-4,4.1488271946850896e-4,0.0456586355793395,0.09156802876679959,0.09998039929026749,0.04674763336073778,0.09156802876679959,0.10362717421863797,1315217.2766406368,16.875655871223195,1023469.1650153577,12.183126419036569,1314689.8234124924,16.837038883030257,1023058.7141152809,12.157443628334844,527.4532281444408,410.4509000767721,0.03861698819293835,0.0256827907017243
female,73,-179.80350901472684,6.521920304408923,-109.52353060759651,-71.24580448032339,0.557194300408355,-20.57731348525158,0.006464007649223086,0.01194815140534868,0.002796594783744384,0.00662135194672488,0.01194815140534868,0.00290427302362886,0.002354563124204361,9.179657462264789e-4,4.420536876514926e-4,0.002410716804693883,9.179657462264789e-4,4.5816045306779356e-4,0.049304614186428695,0.10072073300243409,0.10247436243454859,0.05047897244480312,0.10072073300243409,0.10620727589711088,1294823.0695129884,16.120385956727297,1001713.0230545657,11.581210413970746,1294216.0813952957,16.082243228483655,1001243.4392815789,11.55590116089976,606.9881176927593,469.58377298677806,0.038142728243641955,0.025309253070986415
female,74,-188.20051015567333,8.053636656641174,-93.00475380440957,-80.2818474133669,0.7584485906991176,-22.172907991607758,0.006966626732324061,0.01303266859610864,0.0024345788780829056,0.00713620558319168,0.01303266859610864,0.00252831829645545,0.002711912423248638,0.0010916738635114145,4.8624239104553174e-4,0.002776514069411009,0.0010916738635114145,5.03941082358879e-4,0.0530636581547585,0.11054200233413738,0.10458029087177033,0.05432585278514916,0.11054200233413738,0.10838593083534553,1272581.3696125564,15.379211862804743,978610.4208372582,10.993069497133147,1271886.6121249497,15.34158179745758,978076.1548692333,10.968161362024386,694.7574876067229,534.2659680249635,0.0376300653471624,0.024908135108761442
female,75,-196.47356987127932,9.864686905240887,-78.12984021904231,-90.25713408423007,1.0258426265111211,-23.779414208230037,0.007509259570498608,0.01418517658892153,0.0020995950530151505,0.00769204697360769,0.01418517658892153,0.00218043647526658,0.003123673803775582,0.0012965716172285797,5.333861238910494e-4,0.0031980032871506596,0.0012965716172285797,5.527855336803189e-4,0.05692406157514188,0.12104968054934166,0.10631864247513455,0.058276307687251915,0.12104968054934166,0.11018440540720222,1248325.4038805864,14.653022181247565,954007.9325273233,10.419294265489219,1247534.207611225,14.61594363576576,953403.2764698479,10.394814870348899,791.1962693613023,604.6560574753676,0.03707854548180478,0.024479395140319937
female,76,-204.58479838311177,11.979326049722658,-65.1101741182913,-101.25126721417746,1.377285817898155,-25.377962422364703,0.008098142810450341,0.01539556015756141,0.0017993921644180464,0.00829526457464452,0.01539556015756141,0.00186867477277185,0.0035996530711005026,0.0015359708640756411,5.835944584214681e-4,0.0036852234448837167,0.0015359708640756411,6.04808101415709e-4,0.06086723197000515,0.13224766171050192,0.10771303831860617,0.062311336869072705,0.13224766171050192,0.11162721248767205,1221868.6942020096,13.942882692896196,927741.6805947581,9.860630220587023,1220972.0067386527,13.906394993644877,927060.8428433938,9.836607220634933,896.6874633568805,680.8377513643354,0.03648769925131923,0.024022999952089563
female,77,-212.35147404792042,14.416057372694922,-53.82694357853643,-113.22026384544642,1.8372480626335346,-26.948424348990898,0.008735190620430294,0.01665278338883001,0.001533136923653161,0.00894781914847374,0.01665278338883001,0.00159216781593704,0.004147315729709439,0.0018164287389345324,6.370421971622202e-4,0.004245819021971041,0.0018164287389345324,6.601906521760561e-4,0.06487058937764956,0.14412520768764736,0.10879334202687,0.06640787602950818,0.14412520768764736,0.11274529668598131,1193003.2426872952,13.250074645530141,899637.8679618103,9.318005413282021,1191991.781007983,13.214217523457771,898875.1296924225,9.294466433160382,1011.4616793121677,762.7382693878608,0.03585712207237002,0.02353898012163924
female,78,-219.71541303167942,17.18255436643085,-44.25473500937437,-126.14343412963171,2.435287840951787,-28.481192304636465,0.009428892637651095,0.01794308317407442,0.001302610327970727,0.00965840698367285,0.01794308317407442,0.0013527651763551,0.004777374607281679,0.002144694335173566,6.942870807805498e-4,0.004890761679376005,0.002144694335173566,7.195119516703245e-4,0.06890596891143422,0.15665405572727634,0.10958802629454413,0.07053716344317038,0.15665405572727634,0.11356814468596799,1161480.4307429052,12.576144612965535,869488.5013303162,8.7925660868965,1160344.9366069753,12.540956840787276,868638.4662643895,8.769537752116316,1135.49413592997,850.0350659267278,0.035187772178259635,0.023028334780184068
female,79,-226.31277414069882,20.281131426101638,-36.23364375869005,-139.95469228123056,3.203699992454858,-29.953359872403894,0.010176651750161034,0.0192588947237358,0.0011057991515168056,0.01042436775042628,0.0192588947237358,0.00114837611225248,0.005502084723726475,0.0025256923500810565,7.557514746341092e-4,0.005632605503973246,0.0025256923500810565,7.832104895357405e-4,0.07294233763195841,0.1697871925127368,0.11012624833057744,0.07466752168083696,0.1697871925127368,0.11412593570713069,1127018.534420068,11.923351492319727,837176.104842763,8.28599987820174,1125750.0901487963,11.888869146267208,836233.8743453918,8.263506665444794,1268.4442712715827,942.230497371289,0.034482346052518764,0.02249321275694527
female,80,-231.9223112160471,23.676997179016325,-29.59951830733064,-154.48832492751353,4.181451392879353,-31.315596619318853,0.010982331117340583,0.02057142567167106,9.403353145095274e-4,0.0112496586436002,0.02057142567167106,9.765413648662514e-4,0.0063334440224791285,0.0029664604226209935,8.213285320833124e-4,0.006483647662338308,0.0029664604226209935,8.511763878896039e-4,0.07693427080323458,0.18346700749909575,0.11043468610223209,0.07875257630752656,0.18346700749909575,0.11444627375515252,1089371.1974369923,11.294195641540803,802683.7063408106,7.800112891233106,1087961.6214450144,11.260451638264556,801645.0854517401,7.77817683443614,1409.5759919779375,1038.6208890705602,0.03374400327624727,0.02193605679696642
female,81,-236.5421498919386,27.3309511490188,-24.13102303603091,-169.4702826269695,5.413889114485755,-32.53497281161049,0.011861144582671871,0.02186689110482925,8.017239144746951e-4,0.01214986383599021,0.02186689110482925,8.325929629638515e-4,0.007282716225409931,0.0034755887564730525,8.91391804899196e-4,0.007455441886772541,0.0034755887564730525,9.237977042389321e-4,0.08082801355334694,0.19760773980108592,0.11053777475210386,0.08273745550302493,0.19760773980108592,0.1145544341198279,1048388.2180165907,10.690675286606616,766071.4273608287,7.336253065185045,1046830.5282282338,10.657700618294918,764933.2023988871,7.314894546093272,1557.689788356889,1138.2249619415961,0.03297466831169871,0.02135851909177333
female,82,-239.77919827166806,31.18271587104391,-19.680408066899872,-184.67266075674524,6.94501238452176,-33.54157087448016,0.012810234644657985,0.02312918532388744,6.874400487718306e-4,0.01312205626993702,0.02312918532388744,7.139087867198933e-4,0.008366983312587603,0.004058687708458766,9.653069573819768e-4,0.008565508171254255,0.004058687708458766,0.0010004180808089946,0.08457197924329017,0.212108866216921,0.1104554544699307,0.08656951866163108,0.212108866216921,0.1144710384480969,1004053.1347201795,10.114098813938996,727497.4867372024,6.895180966910555,1002341.9874520495,10.081924509089758,726257.6565987817,6.874419953703208,1711.1472681299783,1239.8301384206861,0.032174304849238666,0.020761013207347467
female,83,-241.35380743140013,35.135843763360754,-16.085284280907615,-199.594389580996,8.825054522648315,-34.27971393090331,0.013830513855830054,0.02433223350649665,5.942612219231064e-4,0.01416717071096171,0.02433223350649665,6.171422638174215e-4,0.009595416938985128,0.004725071332581601,0.0010427028607372442,0.009823283558354972,0.004725071332581601,0.0010806539596363404,0.08809472103528711,0.2268577910807156,0.11020586452965238,0.09017583602964115,0.2268577910807156,0.11421483977919002,956442.9293718184,9.564849217327014,687047.9276328088,6.476910768830268,954575.2211614058,9.533510357571691,685706.284534219,6.4567693791016145,1867.7082104126457,1341.6430985898478,0.0313388597553228,0.020141389728653536
female,84,-241.21236055447844,39.06824104129555,-13.189421111136198,-213.77702479642903,11.081791887478175,-34.70211026839456,0.014935882804780717,0.02545184079486155,5.188772360321574e-4,0.01529944611024336,0.02545184079486155,5.388557426849008e-4,0.01098331644452705,0.00547436975888979,0.001123376568787434,0.011244496823025623,0.00547436975888979,0.0011642961252808198,0.09131557669201207,0.24172140195942105,0.10980452435665432,0.09347405711331229,0.24172140195942105,0.11380187777256015,905654.9837502635,9.043703358990577,644804.6344130024,6.0817463013959685,903630.6791498146,9.01323746293892,643363.3780722844,6.062247634300139,2024.3046004488133,1441.2563407180132,0.030465896051657282,0.019498667095829703
female,85,-239.00810283558712,42.84664144763519,-10.856340369643533,-226.52437839602499,13.749621770248268,-34.75922100675689,0.01612248886883579,0.02647259600672513,4.5828182199399685e-4,0.01651493606610239,0.02647259600672513,4.759272028157737e-4,0.012537687890953837,0.006315644363814106,0.0012068431145254696,0.012836406398377317,0.006315644363814106,0.0012508431076457996,0.09414904068724231,0.2565578700773059,0.1092641311400603,0.09637686887035826,0.2565578700773059,0.11324527071731692,851872.8229126051,8.552272874420925,601031.3482844948,5.710599774474494,849695.7494457983,8.52271882712035,599495.3333232527,5.6917671870089315,2177.073466806789,1536.0149612420937,0.029554047300575093,0.018832587465562156
female,86,-234.70843998124838,46.354687513496174,-8.971499903478048,-237.04528004871645,16.819303444171965,-34.37412572695871,0.017401697222644244,0.02739916448787117,4.098381973665064e-4,0.01782528239973867,0.02739916448787117,4.25618336836968e-4,0.01425929477820324,0.007245185422996424,0.0012910436773429302,0.01459990245173006,0.007245185422996424,0.0013381620999830248,0.09649628210289864,0.27121766555076326,0.10859509803183222,0.09878330088563558,0.27121766555076326,0.11255577200278183,795455.2397194417,8.091647150920558,556102.5667171743,5.36394798721422,793133.7941715077,8.063047664290744,554479.6446931071,5.345806588964603,2321.4455479340395,1622.922024067142,0.028599486629813597,0.018141398249617247
female,87,-228.2246191288159,49.4756633698853,-7.442242269405995,-244.6311056646482,20.27533150542422,-33.53509560632949,0.018776809109488382,0.0282382440337167,3.7134666456395133e-4,0.01923386671198253,0.0282382440337167,3.856447514586425e-4,0.016148189563444822,0.008267503893801494,0.001375246428198372,0.016535165839358504,0.008267503893801494,0.0014254954274798544,0.09826246043681681,0.2855688479446141,0.10780729967176118,0.10059639056178933,0.2855688479446141,0.11174357243354655,736949.9735101077,7.662249731541377,510503.924080546,5.041739888262892,734497.560815071,7.634654059614576,508805.0756521811,5.024318133143073,2452.4126950367354,1698.8484283649013,0.027595671926801124,0.017421755119819693
female,88,-219.55387859181974,52.02621235799597,-6.196867503605802,-248.53974693868622,24.05602288355476,-32.24094890341962,0.02025108597674906,0.02895935792110985,3.4115329753639756e-4,0.02074402983906689,0.02895935792110985,3.542888389537779e-4,0.018192652721410862,0.009380025600357198,0.0014582463899868565,0.018630338336215184,0.009380025600357198,0.0015115947780542094,0.09934817605779013,0.29949139229894906,0.10690928662507973,0.10171441684730055,0.29949139229894906,0.1108174910635653,677013.6393410037,7.263662176002581,464808.6670899047,4.743284277017824,674449.0383571174,7.237131431910435,463047.92152191594,4.726617171360116,2564.600983886281,1760.745567988779,0.026530744092145397,0.01666710565770746
female,89,-208.86570407595173,53.92303163010365,-5.178281621870866,-248.00295695041677,28.04386665075799,-30.496717319456025,0.02183834222014486,0.02958881002039304,3.179968314198346e-4,0.02236992244122419,0.02958881002039304,3.3024077154843705e-4,0.02036156862876757,0.010573986895901511,0.0015380043237462435,0.020853695942794556,0.010573986895901511,0.0015943466607332352,0.09965788457334279,0.31285613086253294,0.10590920158361415,0.10203946115017885,0.31285613086253294,0.10978592209594164,616324.7004106243,6.896184131353155,419449.89662694733,4.468205252748293,613672.5440454951,6.870790714192663,417644.9280568888,4.452333708820602,2652.1563651291654,1804.968570058525,0.02539341716049215,0.01587154392769108
female,90,-196.2562286683351,55.05383349149815,-4.339590253172531,-242.6179487189529,32.08113432906157,-28.3750310320288,0.0235388418809066,0.03012777809636414,3.0079938683339244e-4,0.02411181498687163,0.03012777809636414,3.1238116790543703e-4,0.022622504205353326,0.011840431801324634,0.001614422340403567,0.02317213255474207,0.011840431801324634,0.001673649589837058,0.09912390349236311,0.3255678170042613,0.10481588583643958,0.10150190720940647,0.3255678170042613,0.10865797822408269,555651.5290687685,6.560972516282429,374823.7577305053,4.216675044476849,552942.0726175711,6.536798242458556,372996.0499040786,4.2016443155628584,2709.4564511973877,1827.7078264267184,0.02417427382387327,0.01503072891399082
female,91,-182.14502325994727,55.330448571890884,-3.6351512222141196,-232.2859904627894,36.01111532588129,-25.95882481237595,0.025377261376123294,0.0305709012054062,2.879744400501705e-4,0.02599498455660645,0.0305709012054062,2.9906241783535475e-4,0.024928556673809398,0.013180646686077258,0.0016869429277511067,0.025537667602428024,0.013180646686077258,0.0017489254108763478,0.09769253287299774,0.3375454370570117,0.10363731499747661,0.10004626399853814,0.3375454370570117,0.10744187716941032,495899.78122754354,6.2583205086159746,331437.3144722082,3.9884540436657305,493167.6607039034,6.235464529658783,329611.28686854977,3.974318290946051,2732.1205236401292,1826.02760365844,0.022855978957191603,0.014135752719679484
female,92,-166.73950665392294,54.736066172679784,-3.0440770915062245,-217.1335796566127,39.619082011246974,-23.33405427852142,0.027339762154865253,0.03092583006527073,2.791552581980534e-4,0.02800525574700858,0.03092583006527073,2.899036680255997e-4,0.02719922789260779,0.014578974819183277,0.0017539807246419157,0.027867790252666794,0.014578974819183277,0.001818530006150483,0.09535323459906836,0.34870942410953404,0.10238056321637912,0.09766100846750543,0.34870942410953404,0.10614490416126691,438052.8870767633,5.987415996548178,289867.1152181359,3.7827884452652163,435335.3378318661,5.966003921967675,288068.86623195006,3.7696159851508533,2717.5492448972072,1798.2489861858194,0.021412074580502427,0.013172460114363016
female,93,-150.6176180029288,53.32839389713445,-2.546236512148596,-197.88781512156493,42.72317418782677,-20.621881021287095,0.029449063073811198,0.03121047070511635,2.737415564016337e-4,0.03016590042810978,0.03121047070511635,2.842815206280917e-4,0.02935305100725548,0.016027402832007678,0.0018154615012447883,0.03007885550834598,0.016027402832007678,0.0018823855105111658,0.09213753153318434,0.3590002999159727,0.10105381922663934,0.09437754149758053,0.3590002999159727,0.10477549566696728,383115.57051769726,5.7460240467586345,250772.64005778386,3.5982834645504482,380449.93749932037,5.72621469678482,249027.81974536408,3.586160537113978,2665.633018376888,1744.8203124197898,0.019809349973814783,0.012122927436470032
female,94,-134.249032944168,51.228126056479596,-2.1270623191276457,-175.66895906966965,45.18394598402574,-17.944131377097847,0.03171217704721445,0.0314530769147562,2.7135483811898965e-4,0.03248410221972661,0.0314530769147562,2.8180290571985534e-4,0.031306573417906984,0.017522508283712337,0.0018722514662328075,0.03208501606441821,0.017522508283712337,0.0019413890906063837,0.08814633046332536,0.3683777059554808,0.0996648306579819,0.0902982578060075,0.3683777059554808,0.10334163367113296,331950.1138511376,5.529342046674839,214773.86343267566,3.4321368479501766,329371.4906738824,5.511338304646005,213105.4776150269,3.421174096777044,2578.6231772551546,1668.3858176487556,0.018003742028834147,0.010962751173132723
female,95,-118.09702497113722,48.52293600233679,-1.764354295211561,-151.88463395786312,46.90803642517494,-15.383439849993806,0.03415447077842861,0.03165310023658746,2.7022661208241837e-4,0.03498584529139401,0.03165310023658746,2.8063123921256733e-4,0.03300637096643752,0.019069039549273813,0.0019241043470081464,0.03383108701896511,0.019069039549273813,0.0019952843956951676,0.08353905501254026,0.37682161155965244,0.09822025659269579,0.0855856338941405,0.37682161155965244,0.10185017756119948,285074.98104474216,5.3326549378729755,182203.28328722282,3.281657669617165,282615.07548400504,5.316703578182551,180631.05527864688,3.2719900683810392,2459.9055607371265,1572.2280085759412,0.015951359690424383,0.009667601236125645
female,96,-102.41903150672988,45.32837512339211,-1.4544549821843376,-127.86636729704878,47.790701064524,-13.009547830809652,0.0367811768764072,0.0318262239787122,2.7057305870477994e-4,0.03767648962214678,0.0318262239787122,2.809910251870319e-4,0.034416651144600824,0.020659611447240538,0.001972856872988113,0.03527993105484293,0.020659611447240538,0.0020459752315374773,0.0785166207462508,0.38430761194879137,0.09672542572022332,0.08044499423160743,0.38430761194879137,0.10030661215487506,242652.95359425337,5.153897924589387,153129.67825819604,3.1458818239331174,240339.71061838377,5.140286699553686,151669.8726082708,3.1376672864400934,2313.2429758695944,1459.8056499252561,0.013611225035701224,0.008214537493024032
female,97,-87.44493846062142,41.75372676633515,-1.1875179499272974,-104.70552254796894,47.802530976659,-10.847609130628314,0.03961283796378781,0.03199183981478931,2.716145164117068e-4,0.04057707787495403,0.03199183981478931,2.8207258249417536e-4,0.035503698337952354,0.022311962905882637,0.002018224260580863,0.036396631541841286,0.022311962905882637,0.0020931655797135807,0.07328830797742336,0.3908238161760947,0.09518422321403361,0.0750907193575314,0.3908238161760947,0.0987149332113753,204588.56160168775,4.994386020224187,127434.60381093927,3.025974826997614,202446.09967763824,4.983448913875448,126100.10209523329,3.0193981157938,2142.4619240495085,1334.5017157059774,0.0109371063487389,0.0065767112038139786
female,98,-73.35035932921346,37.91082982749094,-0.9607659763672345,-83.38804446194445,46.86230589744309,-8.91626260699428,0.04267259237350905,0.03217246054613622,2.737464740428658e-4,0.04371131160683131,0.03217246054613622,2.842866276149363e-4,0.03628829279365209,0.02400631036894511,0.002061373791477256,0.03720232795323886,0.02400631036894511,0.0021380654341352115,0.068084087066734,0.39635615625006276,0.09360011178358339,0.06975880624881425,0.39635615625006276,0.09707870028761847,170682.7881421221,4.859817544405812,104900.95545505812,2.925798579829264,168730.70532817728,4.851951918898605,103701.21320489228,2.921082631856604,1952.082813944813,1199.7422501658439,0.007865625507206708,0.004715947972659951
female,99,-60.278814127046644,33.872913110050376,-0.7668633042741035,-64.64083226960338,45.019901770730485,-7.223602747603252,0.04595908323842963,0.03233971599864185,2.76006241222013e-4,0.04707780092231825,0.03233971599864185,2.866334033781707e-4,0.03682698902785937,0.025750062445972693,0.0021035501164089216,0.03775510429294143,0.025750062445972693,0.0021819654008558152,0.06310132969118921,0.40091273203796995,0.0919758668963303,0.06465220754954616,0.40091273203796995,0.0954007645502956,140768.77231227868,4.757904228514441,85323.8290531531,2.850592261870568,139020.43085232345,4.753620673957374,84264.11115261736,2.8480293866379776,1748.3414599552343,1059.717900535732,0.004283554557066971,0.002562875232590578
female,100,0,0,0,0,0,0,0,0,0,0,0,0,0,0,0,0,0,0,0.05844683250296466,0.40447618890174125,0.09031227806143306,0.05988123078434842,0.40447618890174125,0.09368192459832721,595491.7683733586,4.696572959963656,355790.262193366,2.8060756060494683,587770.4524085302,4.696572959963655,351176.98426492664,2.8060756060494683,7721.315964828478,4613.277928439376,8.881784197001252e-16,0
